ISO Code,Location,Original Region
TUR,Central Anatolia (Kayseri,"Central Anatolia (Kayseri, Kirsehir, Nevsehir, Nig"
FIN,Etela-Suomi,Etela-Suomi
KHM,Tboung,Kampong Cham (incl Tboung Khmum)
CIV,Sud Ouest,Sud Ouest
VEN,Amacuros Delta Federal Territory,Amacuros Delta Federal Territory
COL,Amazonas,Amazonas
BTN,Lhuntse,Lhuntse
FRA,Lorraine,Lorraine
GAB,Woleu Ntem,Woleu Ntem
PRY,Guaira,"South-East (Guaira, Misiones, Paraguari, Neembucu)"
VEN,Tachira,Tachira
BRB,St. John,"St. Lucy, St. Peter, St. Andrew, St. Joseph, and St. John"
SYR,Al Swida - Sweida,Al Swida - Sweida
MYS,Terengganu,Terengganu
VEN,Guarico,Guarico
LSO,Mohale s Hoek,Mohale s Hoek
IDN,East Java,East Java
BFA,Plateau Central,Plateau Central
PAN,Cocle,Cocle
CZE,Severozapad,Severozapad
IND,Punjab,Punjab
CHE,Central Switzerland,Central Switzerland
TJK,GBAO,GBAO
TLS,Lautem,Lautem
VEN,Federal District,Federal District
TUR,Canakkale,"West Marmara (Balikesir, Canakkale, Edirne, Kirkla"
ARG,Cuyo,Cuyo
KHM,Pousat,Pousat
LAO,Borikhamxay,Borikhamxay
TUR,Eskiseh,"East Marmara (Bilecik, Bolu, Bursa, Duzce, Eskiseh"
ERI,Asmara,Maekel (Central including Asmara)
MEX,Mexico,Mexico
SYR,Al Raka-Raqqa,Al Raka-Raqqa
VNM,Central Highlands,Central Highlands
SWE,Norra Mellansverige,Norra Mellansverige
GMB,Basse,Basse
HUN,Del-Alfold,Del-Alfold
TUN,Beja,"Nord Ouest (Beja, Jendouba, Kef, Siliana)"
ROU,Vest,Vest
CUB,C. Habana,C. Habana
CAF,Houte Mbormou,"RS V (Basse Kotto, Mbornou, Houte Mbormou)"
KAZ,(incl,"North region (Akmolinskaya (incl Astana city), Kostnaiskaya, Pavlodarskaya, North-Kazakhstanskaya)"
GRC,Notio Aigaio,Notio Aigaio
PAN,Ngobe Bugle,Ngobe Bugle
IND,Chandigarth,Chandigarth
POL,Slaskie,Slaskie
DZA,Boumerdes,"Nord Centre (Alger, Blida, Boumerdes, Tipaza, Bouira, Medea, Tizi-Ouzou, Bejaia, Chlef, Ain Defla)"
TCD,Logone Occidental & Oriental,"Zone 7 (Logone Occidental & Oriental, Monts de Lam, Tandjile Est & Ouest)"
SRB,West Serbia,Sumadija and West Serbia
AFG,Herat,West (Ghor Herat Badghis Farah)
GRC,Attiki,Attiki
TUR,West Black Sea (Amasya,"West Black Sea (Amasya, Cankiri, Corum, Kastamonu,"
CUB,S.Spiritus,S.Spiritus
KAZ,Aktyubinskaya,"West region (Aktyubinskaya, Atyrauskaya, Mangistauskaya, West-Kazakhstanskaya)"
BFA,Boucle de Mouhoun,Boucle de Mouhoun
BOL,La Paz,La Paz
CHE,Zurich,Zurich
NGA,Abuja FCT,Abuja FCT
RUS,The Far East  Federal District,The Far East  Federal District
GAB,Moyen Ogooue,Moyen Ogooue
CZE,Jihozapad,Jihozapad
COG,Cuvette Ouest, Cuvette Ouest
BRB,St. Lucy,"St. Lucy, St. Peter, St. Andrew, St. Joseph, and St. John"
JOR,Aljoun,Aljoun
RUS,The South Federal District,The South Federal District
IDN,Sulawesi,South Sulawesi (incl Sulawesi Barat)
HUN,Nyugat-Dunantul,Nyugat-Dunantul
IRN,EastAzarbayejan,EastAzarbayejan
STP,Regiao Centro,Regiao Centro
MEX,Yucatan,Yucatan
CHL,Region Metropolitana,Region Metropolitana
NOR,Nord-Norge,Nord-Norge
SVK,Bratislavsky kraj,Bratislavsky kraj
PRY,Boqueron,"North-West (Boqueron, Alto Paraguay, Presidente Hayes, Conception, Amambay, San pedro, Cordillera)"
BRA,Goias,Goias
SYR,Der El Zour - Deir Ezzor,Der El Zour - Deir Ezzor
KAZ,Karagandinskaya,Central region (Karagandinskaya)
TUR,Corum,"West Black Sea (Amasya, Cankiri, Corum, Kastamonu,"
PAN,Embera Wounaan,Embera Wounaan
IRN,Sistanand Baluchestan,Sistanand Baluchestan
SEN,Saint Louis,Saint Louis
KGZ,Chuy,Chuy
IDN,DKI Jakarta,DKI Jakarta
HRV,Koprivnica-Krizevc,County of Koprivnica-Krizevc
CPV,S.Antao,S.Antao
UGA,West Nile,West Nile
PAN,Panama,Panama
LTU,Vilnius County,Vilnius County
GRC,Sterea Ellada,Sterea Ellada
BEL,Prov. Limburg,Prov. Limburg
IDN,West Kalimantan,West Kalimantan
CHL,Arbucania,Arbucania
BRB,St. Andrew,"St. Lucy, St. Peter, St. Andrew, St. Joseph, and St. John"
MNG,Arkhangai,"Khangai (Arkhangai, Bayankhongor, Bulgan, Uvurkhangai, Khuvsgul, Orkhon)"
AZE,Yukhari Karabakh,Yukhari Karabakh
URY,Florida,"Centro Sur (Flores, Florida and Lavalleja)"
FRA,Aquitaine,Aquitaine
GNQ,Litoral,Litoral
GTM,Metropolitan,Metropolitan
BDI,Buja Rural,"West (Bubanza, Buja Rural, Cibitoke, Mairie de Bujumbura)"
HND,Atlantida,Atlantida
TUR,East Marmara (Bilecik,"East Marmara (Bilecik, Bolu, Bursa, Duzce, Eskiseh"
KAZ,Almaty city,Almaty city
ERI,uding,Maekel (Central including Asmara)
COL,Choco,Choco
TCD,Tandjile Est & Ouest,"Zone 7 (Logone Occidental & Oriental, Monts de Lam, Tandjile Est & Ouest)"
MYS,Kuala Lumpur Federal Territory,Kuala Lumpur Federal Territory
MNG,Govi-Altai,"Western (Bayan-Ulgii, Govi-Altai, Zavkhan, Uvs, Khovd)"
ETH,Harari,Harari
YEM,countryside,"Abyan, Aden (town and countryside), Lahej, Ad Dali (Al Dhalih)"
BDI,Mairie de Bujumbura,"West (Bubanza, Buja Rural, Cibitoke, Mairie de Bujumbura)"
PAN,Colon,Colon
EST,Pohja-Eesti,Pohja-Eesti
IRQ,Thi-Qar,Thi-Qar
PRY,Misiones,"South-East (Guaira, Misiones, Paraguari, Neembucu)"
HRV,Bjelovar-Bilogora,County of Bjelovar-Bilogora
CUB,Pinar del Rio,Pinar del Rio
IRL,Mid-West,Mid-West
EGY,North Sainai,"Frontier governorates (Red Sea, New Valley, Matroh, North Sainai, South Sainai)"
EGY,Dakahlia,Dakahlia
COM,Ngazidja,Grande Comore (Ngazidja)
MNG,Govisumber,"Central (Dornogovi, Dundgovi, Umnugovi, Selenge, Tuv, Darkhan-Uul, Govisumber)"
SRB,Vojvodina,Vojvodina
AUT,Oberosterreich,Oberosterreich
MKD,Skopski,Skopski
GIN,Boke,Boke
CHN,Hongkong,Hongkong
TGO,Centrale,Centrale
MNG,Darkhan-Uul,"Central (Dornogovi, Dundgovi, Umnugovi, Selenge, Tuv, Darkhan-Uul, Govisumber)"
ECU,Sierra,Sierra
IDN,islands,Riau (incl. Riau islands)
RUS,The Urals  Federal District,The Urals  Federal District
SDN,South Kordofan,South Kordofan
BTN,Wangdi,Wangdi
GNQ,Bioko,"Annobon, Bioko"
KHM,Siem Reab-Otdar Mean Chey,Siem Reab-Otdar Mean Chey
JOR,Tafiela,Tafiela
FRA,Champagne-Ardenne,Champagne-Ardenne
IRQ,Ta-amem-Karkuk,Ta-amem-Karkuk
FRA,Alsace,Alsace
SDN,North Kordofan,North Kordofan
MRT,Adrar,Adrar
GTM,South-Oriental,South-Oriental
CRI,Limon,Limon
CIV,Centre,Centre
POL,Malopolskie,Malopolskie
DOM,Maria Trinidad Sanchez,"Region III (Duarte, Maria Trinidad Sanchez, Salcedo, Samana)"
MKD,Pelagoniski,Pelagoniski
BRA,Paraiba,Paraiba
CAF,Baminigui Bangoran,"RS IV (Haute-Kotto, Baminigui Bangoran, Vakaga)"
TCA,Turks islands,Turks islands
UGA,Bugishu,"Eastern (Bukedi, Bugishu, Teso)"
GTM,North-Oriental,North-Oriental
NGA,Adamawa,Adamawa
BEL,Prov. Luxembourg,Prov. Luxembourg
CMR,Nord,Nord
KHM,Kampot-Krong Kaeb-Krong Preah Sihanouk,Kampot-Krong Kaeb-Krong Preah Sihanouk
IRQ,Salaheldeen,Salaheldeen
UGA,Bukedi,"Eastern (Bukedi, Bugishu, Teso)"
NZL,Tasman - Nelson,Tasman - Nelson
SOM,W Galbeed,W Galbeed
HND,Valle,Valle
JAM,St Catherine,"St Ann, St Catherine"
HND,Cortes,Cortes
GBR,East of England,East of England
CUB,Guantanamo,Guantanamo
MKD,Poloski,Poloski
IND,Orissa,Orissa
VEN,Bolivar,Bolivar
MMR,Taninthayi,Taninthayi
EST,Louna-Eesti,Louna-Eesti
SSD,Western Bahr El Ghazal,Western Bahr El Ghazal
SAU,Eastern province,Eastern province
GMB,Kerewan,Kerewan
CMR,Extreme Nord,Extreme Nord
MEX,Queretaro,Queretaro
PRT,Alentejo,Alentejo
ROU,Sud-Vest Oltenia,Sud-Vest Oltenia
CPV,Fogo,Fogo
FIN,Helsinki-Uusimaa,Helsinki-Uusimaa
KAZ,Akmolinskaya,"North region (Akmolinskaya (incl Astana city), Kostnaiskaya, Pavlodarskaya, North-Kazakhstanskaya)"
SYR,Al Qunitara - Quneitra,Al Qunitara - Quneitra
FRA,Bourgogne,Bourgogne
IRQ,Muthanna,Muthanna
BEL,Prov. Liege,Prov. Liege
EGY,Matroh,"Frontier governorates (Red Sea, New Valley, Matroh, North Sainai, South Sainai)"
PAN,Darien,Darien
DOM,Samana,"Region III (Duarte, Maria Trinidad Sanchez, Salcedo, Samana)"
SWE,Mellersta Norrland,Mellersta Norrland
BIH,Republica Srpska,Republica Srpska
MRT,Tiris-Zemmour,Tiris-Zemmour
VNM,Mekong River Delta,Mekong River Delta
GMB,Brikama,Brikama
DOM,Monsenor Nouel,"Region VIII (La Vega, Monsenor Nouel, Sanchez Ramirez)"
AFG,Helmand,South (Uruzgan Helmand Zabul Nimroz Kandahar)
FRA,Haute-Normandie,Haute-Normandie
URY,Metropolitan area,Montevideo and Metropolitan area
URY,Trienta y Tres,"Norte (Artigas, Rivera, Cerro Largo and Trienta y Tres)"
CMR,Douala,Littoral (incl Douala)
ETH,Ben-Gumz,Ben-Gumz
KAZ,West-Kazakhstanskaya,"West region (Aktyubinskaya, Atyrauskaya, Mangistauskaya, West-Kazakhstanskaya)"
HND,Copan,Copan
ROU,Centru,Centru
SSD,Warrap,Warrap
COL,Boyaca,Boyaca
COD,Kasai Oriental,Kasai Oriental
NOR,Sor-Ostlandet,Sor-Ostlandet
POL,Swietokrzyskie,Swietokrzyskie
SSD,Western Equatoria,Western Equatoria
POL,Dolnoslaskie,Dolnoslaskie
GTM,North-Occidental,North-Occidental
IDN,DI Aceh,DI Aceh
TUN,Gabes,"Sud Est (Gabes, Medinine, Tataouine)"
BGR,Yugoiztochen,Yugoiztochen
JAM,St James,"St James, Hanover, Westmoreland"
GBR,The Humber,Yorkshire and The Humber
IRL,Border,Border
BGR,Severen tsentralen,Severen tsentralen
EST,Laane-Eesti,Laane-Eesti
HTI,Metropolitain,West (incl Metropolitain area)
IRQ,Qadisiya,Qadisiya
IDN,South Sumatra,South Sumatra
HUN,Eszak-Magyarorszag,Eszak-Magyarorszag
IDN,Barat,South Sulawesi (incl Sulawesi Barat)
MDA,Center,Center
SLV,Central II,Central II
CHE,Espace Mittelland,Espace Mittelland
HRV,Istria,County of Istria
DEU,Baden-Wurttemberg,Baden-Wurttemberg
KHM,Kampong Thum,Kampong Thum
LAO,Luangprabang,Luangprabang
GMB,Mansakonko,Mansakonko
MUS,Riviere du Rempart,"North (Port Louis, Pamplemousses, Riviere du Rempart, Flacq, Moka)"
SWE,Ovre Norrland,Ovre Norrland
VEN,Falcon,Falcon
PAN,Chiriqui,Chiriqui
EGY,Menoufia,Menoufia
GAB,Haut Ogooue,Haut Ogooue
PRY,Asuncion,"Central (Asuncion, Central)"
FRA,Midi-Pyrenees,Midi-Pyrenees
GAB,Ogooue Ivindo,Ogooue Ivindo
GRC,Thraki,"Anatoliki Makedonia, Thraki"
PAK,ICT,Islamabad (ICT)
KOR,Gyeongnam,Gyeongnam Region
RUS,The Siberian  Federal District,The Siberian  Federal District
VEN,Merida,Merida
MOZ,Maputo Provincia,Maputo Provincia
BGR,Yuzhen tsentralen,Yuzhen tsentralen
GRC,Ionia Nisia,Ionia Nisia
PRT,Algarve,Algarve
CIV,Centre Nord,Centre Nord
TJK,Duchanbe,Duchanbe
ROU,Sud,Sud
UGA,Bunyoro,"Western (Bunyoro, Tooro)"
LBY,Fezzan,Fezzan
URY,Rio Negro,"Litoral Norte (Paysandu, Salto and Rio Negro)"
DOM,Dajabon,"Region VII (Dajabon, Monte Cristi, Santiago Rodriguez, Valverde)"
PRY,Caazapa,"South-West (Caazapa, Itapua)"
BRA,Rondonia,Rondonia
SRB,Sumadija,Sumadija and West Serbia
FRA,Provence-Alpes-Cote dAzur,Provence-Alpes-Cote dAzur
ERI,Sea,Semenawi Keyih Bahri (Northern Red Sea)
YEM,Bayda,"Beida (Al Bayda), Dhamar, Raimah"
ALA,Aland,Aland
LTU,Kaunas County,Kaunas County
COL,Cordoba,Cordoba
LAO,Champasack,Champasack
PHL,Central Visayas,VII-Central Visayas
DOM,Elias Pina,"Region VI (San Juan, Elias Pina)"
PHL,Northern Mindanao,X-Northern Mindanao
SSD,Northern Bahr El Ghazal,Northern Bahr El Ghazal
CZE,Stredni Morava,Stredni Morava
ERI,Red,Semenawi Keyih Bahri (Northern Red Sea)
LTU,Taurage County,Taurage County
GBR,London,London
POL,Warminsko-Mazurskie,Warminsko-Mazurskie
GBR,East Midlands,East Midlands
IDN,DI Yogyakarta,DI Yogyakarta
GRC,Voreio Aigaio,Voreio Aigaio
COL,Guainja,Guainja
HND,Colon,Colon
BFA,Sud-Ouest,Sud-Ouest
LTU,Marijampole County,Marijampole County
CHL,Rios,Los Lagos (incl Los Rios)
URY,San Jose,"Litoral Sur (Soriano, Colonia and San Jose)"
IDN,North Sulawesi,North Sulawesi
KOR,Gyeongbuk,Gyeongbuk Region
CIV,Nord Est,Nord Est
MKD,Vardarski,Vardarski
MNG,Sukhbaatar,"Eastern (Dornod, Sukhbaatar, Khentii)"
AUT,Karnten,Karnten
CHE,Northwestern Switzerland,Northwestern Switzerland
TCA,Providenciales,Providenciales
CUB,Ciego de Avila,Ciego de Avila
KHM,Mondol Kiri-Rotanak Kiri,Mondol Kiri-Rotanak Kiri
TCD,Chari-Baguimi,"Zone 5 (Chari-Baguimi, Dababa, Baguirmi, Hadjer Lamis)"
SOM,Nugal,Nugal
PRY,Paraguari,"South-East (Guaira, Misiones, Paraguari, Neembucu)"
GAB,Ogooue Maritime,Ogooue Maritime
AGO,Kuanza Norte, Kuanza Norte
URY,Tacuarembo,Centro (Durazno and Tacuarembo)
FRA,Limousin,Limousin
HUN,Kozep-Magyarorszag,Kozep-Magyarorszag
SDN,Al Gezira,Al Gezira
UGA,Ankole,"Southwest (Ankole, Kigezi)"
SOM,Lower Juba,Lower Juba
TCD,Ennedi,"Zone 2 (Borkou, Ennedi, Tibesti, Kanem, Barh El Gazal, Lac)"
ARG,Pampeana,Pampeana
SDN,Nahr El Nil,Nahr El Nil
SOM,Lower Shabelle,Lower Shabelle
MYT,Mayotte,Mayotte
TCA,Caicos,Caicos
FRA,Picardie,Picardie
HND,Islas de la Bahia,Islas de la Bahia
MDG,Alaotra Mangoro,Alaotra Mangoro
RUS,The Central Federal District,The Central Federal District
KEN,Coast,Coast
REU,Reunion,Reunion
AUS,Ashmore,"Ashmore and Cartier Islands, Coral Sea Islands Territory"
NIC,Atlantico Norte (Raan,"Atlantico (Rio San Juan, Atlantico Norte (Raan), Atlantico Sur (Raas))"
SDN,Al Gedarif,Al Gedarif
MEX,San Luis Potosi,San Luis Potosi
GTM,South-Occidental,South-Occidental
IDN,West Sumatra,West Sumatra
IDN,West Nusa Tenggara,West Nusa Tenggara
BIH,Northern Bosnia,Northern Bosnia
PSE,Ramallah,"Salfit, Ramallah, Al-Bireh, Jericho, Al Aghwar"
ZAF,Northern Province,Northern Province
LTU,Telsiai County,Telsiai County
PSE,Deir El-Balah,"Deir El-Balah, Khan Yunis, Rafah"
COD,Kasai Occidental,Kasai Occidental
EGY,South Sainai,"Frontier governorates (Red Sea, New Valley, Matroh, North Sainai, South Sainai)"
PSE,Al Aghwar,"Salfit, Ramallah, Al-Bireh, Jericho, Al Aghwar"
TUR,Ispa,"Mediterranean (Adana, Antalya, Burdur, Hatay, Ispa"
COL,Narino,Narino
ZAF,KwaZulu Natal,KwaZulu Natal
GTM,Peten,Peten
FRA,Languedoc-Roussillon,Languedoc-Roussillon
LSO,Qasha s Nek,Qasha s Nek
KAZ,South-Kazakhstanskaya,"South region (Almatinskaya, Zhambylskaya, Kyzylordinskaya, South-Kazakhstanskaya)"
STP,Regiao do Principe,Regiao do Principe
CHL,La Antartica Chilena,Magallanes and La Antartica Chilena
COM,Moheli,Moheli
KWT,Al Asimah,"Al Asimah, Hawalli, Al-Farwaniyah, Mubarak al-Sabah"
ESP,Castilla y Leon,Castilla y Leon
TJK,DRS,DRS
BEL,Prov. Brabant Wallon,Prov. Brabant Wallon
COD,Bas-Congo,Bas-Congo
CHN,Tibet,Tibet
SOM,Banadir,Banadir
EGY,Fayoum,Fayoum
PNG,Oro,"Northern, Oro"
IDN,Southeast Sulawesi,Southeast Sulawesi
BRB,St. George,"St. James, St. George, and St. Thomas"
GNQ,Wele Nzas,Wele Nzas
KAZ,Almatinskaya,"South region (Almatinskaya, Zhambylskaya, Kyzylordinskaya, South-Kazakhstanskaya)"
CAF,Mbornou,"RS V (Basse Kotto, Mbornou, Houte Mbormou)"
FRA,Franche-Comte,Franche-Comte
JAM,St Thomas,"St Thomas, Portland, St Mary"
PER,Junin,"Central (Huancavelica, Huanuco, Junin, Pasco)"
IDN,East Kalimantan,East Kalimantan
CIV,Centre Est,Centre Est
MDG,Atsimo Atsinanana,Atsimo Atsinanana
DJI,Djibouti,Djibouti
IRQ,Diala,Diala
GRC,Kriti,Kriti
BGR,Yugozapaden,Yugozapaden
CAF,Nana Mambere,"RS II (Mambera Kadei, Nana Mambere, Sangha Mbaere)"
YEM,capital;,"Sana a (capital; Al Amana), Sana a (governorate)"
BEN,Plateau,Queme (incl Plateau)
CMR,Ouest,Ouest
HRV,Varazdin,County of Varazdin
BRA,Distrito Federal,Distrito Federal
GAB,Ogooue Lolo,Ogooue Lolo
PSE,Al-Bireh,"Salfit, Ramallah, Al-Bireh, Jericho, Al Aghwar"
GIN,Labe,Labe
RUS,The North West Federal District,The North West Federal District
SWE,Sydsverige,Sydsverige
GNQ,Kie Ntem,Kie Ntem
EGY,Red Sea,"Frontier governorates (Red Sea, New Valley, Matroh, North Sainai, South Sainai)"
SOM,Hiran,Hiran
CPV,Santiago- Praia,Santiago- Praia
AZE,Shaki Zaqatala,Shaki Zaqatala
CPV,Santiago-Interior,Santiago-Interior
SLV,Central I,Central I
PRT,Regiao Autonoma dos Acores,Regiao Autonoma dos Acores
TUN,Kasserine,"Centre Ouest (Kairouan, Kasserine, Sidi Bouzid)"
TCD,Hadjer Lamis,"Zone 5 (Chari-Baguimi, Dababa, Baguirmi, Hadjer Lamis)"
GNQ,Annobon,"Annobon, Bioko"
CHE,Eastern Switzerland,Eastern Switzerland
ECU,Galapagos,Galapagos
EST,Kesk-Eesti,Kesk-Eesti
PHL,IVA-CALABARZON,IVA-CALABARZON
MYS,Labuan Federal Territory,Labuan Federal Territory
CHL,former,Valparaiso (former Aconcagua)
HTI,Centre,Centre
PHL,Cordillera Admin,Cordillera Admin Region
FRA,Centre,Centre
CMR,Nord Ouest,Nord Ouest
ALB,Gjirokaster, Gjirokaster
SVN,Obalno-kraska,Obalno-kraska
ARG,NEA,NEA
TUR,Gaziant,"South East Anatolia (Adiyaman, Diyarbakir, Gaziant"
LAO,Xiengkhuang,Xiengkhuang
KEN,Nyanza,Nyanza
LTU,Siauliai County,Siauliai County
FIN,Lansi-Suomi,Lansi-Suomi
AGO,Kuanza Sul, Kuanza Sul
CUB,Prov. Habana,Prov. Habana
FRA,Rhone-Alpes,Rhone-Alpes
HTI,Grande-Anse,"Grande-Anse, Nippes"
UGA,Tooro,"Western (Bunyoro, Tooro)"
IRQ,Suleimaniya,Suleimaniya
IND,New Delhi,New Delhi
MNG,Khentii,"Eastern (Dornod, Sukhbaatar, Khentii)"
SYR,Rural Damascus,Rural Damascus
BOL,Potosi,Potosi
ETH,SNNP,SNNP
KHM,Khmum,Kampong Cham (incl Tboung Khmum)
YEM,Omran,"Hajja, Sada, Amran (Omran)"
CMR,Sud,Sud
FIN,Pohjois-ja Ita-Suomi,Pohjois-ja Ita-Suomi
SAU,Riadh,"Center (Riadh, Qassim)"
TGO,Plateaux,Plateaux
TJK,formerly,Sughd (formerly Leninabad)
UGA,Kigezi,"Southwest (Ankole, Kigezi)"
IRN,Boyerahmad,Kohgiluyeh and Boyerahmad
PHL,Eastern Visayas,VIII-Eastern Visayas
IRQ,Dohouk,Dohouk
IRL,Mid-East,Mid-East
ROU,Nord-Est,Nord-Est
PHL,Bicol,V-Bicol
PRY,Conception,"North-West (Boqueron, Alto Paraguay, Presidente Hayes, Conception, Amambay, San pedro, Cordillera)"
KAZ,East-Kazakhstanskaya,East region (East-Kazakhstanskaya)
PSE,Qalqiliya,"Jenin, Tubas, Tulkarm, Nablus, Qalqiliya"
RUS,The North-Caucasian Federal District,The North-Caucasian Federal District
IRN,WestAzarbayejan,WestAzarbayejan
EGY,Gharbia,Gharbia
TCD,Bahr Koh,"Zone 8 (Mandoul, Moyen-Chari, Bahr Koh, Lac Iro)"
AUT,Niederosterreich,Niederosterreich
UGA,Lango,"North (Karamoja, Lango, Acholi)"
EGY,New Valley,"Frontier governorates (Red Sea, New Valley, Matroh, North Sainai, South Sainai)"
CAF,Sangha Mbaere,"RS II (Mambera Kadei, Nana Mambere, Sangha Mbaere)"
GRC,Kentriki Makedonia,Kentriki Makedonia
SOM,Middle Juba,Middle Juba
SVN,Koroska,Koroska
BRA,Amapa,Amapa
NZL,Northern Islands,"Other islands (Chatham Islands, Northern Islands, Southern Islands)"
IDN,West Java,West Java
HND,Intibuca,Intibuca
FJI,Bua,"Cakaudrove, Bua"
ECU,Coste,Coste
MRT,Trarza incl Nouakchott,Trarza incl Nouakchott
GIN,N Zerekore,N Zerekore
BGD,Cox s Bazar," Bandarban, Cox s Bazar"
GEO,Samegrelo-Zemo Svateni,Samegrelo-Zemo Svateni
FRA,Auvergne,Auvergne
COD,Katanga,Katanga
BRB,St. Philip,Christ Church and St. Philip
HRV,Brod-Posavina,County of Brod-Posavina
KHM,Preah Vihear-Stueng Traeng-Kracheh,Preah Vihear-Stueng Traeng-Kracheh
LTU,Alytus County,Alytus County
MOZ,Maputo Cidade,Maputo Cidade
ESP,Illes Balears,Illes Balears
VNM,North Central Coast,North Central Coast and South Central Coast
PRY,Alto Parana,"North-East (Caaguazu, Alto Parana, Canideyu)"
ARG,NOA,NOA
IDN,Central Java,Central Java
COL,Bogota D.C.,Bogota D.C.
GUF,French Guyana,French Guyana
NOR,Agder og Rogaland,Agder og Rogaland
BFA,Hauts Bassins,Hauts Bassins
BFA,Nord,Nord
PRT,Norte,Norte
MAR,Centre north,Centre north
GRC,Ipeiros,Ipeiros
ALB,Shkoder, Shkoder
CAF,Nana Grebizi,"RS I (Ombella Mpoko, Lobaye, Kemo, Nana Grebizi, Ouaka)"
KWT,Al-Jahra,Al-Jahra
LAO,Khammuane,Khammuane
SRB,East Serbia,South and East Serbia
TCD,Assongha,"Zone 4 (Ouaddai, Assongha, Sila, Biltine - Wadi Fira)"
IRL,Midland,Midland
SVK,Zapadne Slovensko,Zapadne Slovensko
KAZ,city,"North region (Akmolinskaya (incl Astana city), Kostnaiskaya, Pavlodarskaya, North-Kazakhstanskaya)"
TUN,Sidi Bouzid,"Centre Ouest (Kairouan, Kasserine, Sidi Bouzid)"
ZWE,Matebeleland South,Matebeleland South
CHN,Ningxia,Ningxia
BEL,Prov. Antwerpen,Prov. Antwerpen
DOM,San Juan,"Region VI (San Juan, Elias Pina)"
KOR,Capital,Capital Region
AZE,Ganja Gazakh,Ganja Gazakh
TUR,Hak,"Central East Anatolia (Bingol, Bitlis, Elazig, Hak"
BFA,Est,Est
LBY,Cyrenaica,Cyrenaica
IDN,East Nusa Tenggara,East Nusa Tenggara
SOM,Togdhere,Togdhere
SVN,Primorsko-notranjska,Primorsko-notranjska
SWE,Smaland med oarna,Smaland med oarna
KAZ,Atyrauskaya,"West region (Aktyubinskaya, Atyrauskaya, Mangistauskaya, West-Kazakhstanskaya)"
JAM,St Ann,"St Ann, St Catherine"
LTU,Utena County,Utena County
MNE,Centre,Centre
CUB,Camaguey,Camaguey
FRA,Poitou-Charentes,Poitou-Charentes
YEM,town,"Abyan, Aden (town and countryside), Lahej, Ad Dali (Al Dhalih)"
CHL,Aisen,Aisen
CIV,Ouest,Ouest
ESP,Pais Vasco,Pais Vasco
ERI,Sea,Debubawi Keyih Bahri (Southern Red Sea)
FRA,Ile de France,Ile de France
KHM,Banteay Mean Chey,Banteay Mean Chey
PRT,Area Metropolitana de Lisboa,Area Metropolitana de Lisboa
BGR,Severoiztochen,Severoiztochen
ERI,Red,Debubawi Keyih Bahri (Southern Red Sea)
IRN,Khorasan-e-Razavi,Khorasan-e-Razavi
PHL,Cagayan Valley,II-Cagayan Valley
LTU,Panevezys County,Panevezys County
IDN,North Sumatra,North Sumatra
IDN,Central Sulawesi,Central Sulawesi
SEN,Thies,Thies
LAO,Sayabury,Sayabury
MAR,Tensift,Tensift
UGA,Acholi,"North (Karamoja, Lango, Acholi)"
GMB,Janjabureh,Janjabureh
USA,Montana,Montana
HND,El Paraiso,El Paraiso
CAF,Basse Kotto,"RS V (Basse Kotto, Mbornou, Houte Mbormou)"
CIV,Nord Ouest,Nord Ouest
RUS,Volga,The Privolzhsky (Volga) Federal District
BRA,Sao Paulo,Sao Paulo
PER,San Martin,"North East (Amazonas, Loreto, San Martin, Ucayali)"
BRB,St. Peter,"St. Lucy, St. Peter, St. Andrew, St. Joseph, and St. John"
SYR,Hamaa,Hamaa
PRY,Canideyu,"North-East (Caaguazu, Alto Parana, Canideyu)"
BRA,Maranhao,Maranhao
LBN,Nabtieh,"Southern, Nabtieh"
CPV,S.Vicente,S.Vicente
COL,Caqueta,Caqueta
LBY,Tripolitania,Tripolitania
MUS,Rodrigues,Rodrigues
TUR,Nig,"Central Anatolia (Kayseri, Kirsehir, Nevsehir, Nig"
SVN,Goriska,Goriska
IND,Nagar Haveli,Dadra and Nagar Haveli
COL,Quindio,Quindio
TUR,Gumushane,"East Black Sea (Artvin, Giresun, Gumushane, Ordu,"
IDN,South Kalimantan,South Kalimantan
EGY,Sharkia,Sharkia
MWI,Nkhota Kota,"Other central (Nkhota Kota, Mchinji, Dowa, Ntchisi, Dedza, Ntcheu)"
TUR,Aegean (Afyon,"Aegean (Afyon, Aydin, Denizli, Izmir, Kutahya, Man"
AZE,Guba Khachmaz,Guba Khachmaz
GRC,Dytiki Makedonia,Dytiki Makedonia
IRN,Chaharmahal,Chaharmahal and Bakhtiyari
RWA,City of Kigali,City of Kigali
TCD,Biltine - Wadi Fira,"Zone 4 (Ouaddai, Assongha, Sila, Biltine - Wadi Fira)"
KOR,Gangwon,Gangwon Region
TUR,Cankiri,"West Black Sea (Amasya, Cankiri, Corum, Kastamonu,"
KHM,Kandal,Kandal
KOR,Chungcheong,Chungcheong Region
ZWE,Matebeleland North,Matebeleland North
AZE,Dakhlik Shirvan,Dakhlik Shirvan
BIH,Western herzegovina,Western herzegovina
BRA,Ceara,Ceara
LTU,Klaipeda County,Klaipeda County
STP,Regiao Sul,Regiao Sul
CZE,Severovychod,Severovychod
SYR,Halab - Aleppo,Halab - Aleppo
BRA,Piaui,Piaui
BIH,Western Bosnia,Western Bosnia
ALB,Lezhe, Lezhe
HND,Santa Barbara,Santa Barbara
IND,Andaman,Andaman and Nicobar Islands
MRT,Hodh Gharbi,Hodh Gharbi
TUR,South East Anatolia (Adiyaman,"South East Anatolia (Adiyaman, Diyarbakir, Gaziant"
BEL,Prov. Hainaut,Prov. Hainaut
POL,Lodzkie,Lodzkie
MNG,Uvurkhangai,"Khangai (Arkhangai, Bayankhongor, Bulgan, Uvurkhangai, Khuvsgul, Orkhon)"
CRI,San Jose,San Jose
CUB,Holguin,Holguin
NOR,Hedmark og Oppland,Hedmark og Oppland
COL,Sucre,Sucre
SWE,Ostra Mellansverige,Ostra Mellansverige
YEM,Amana,"Sana a (capital; Al Amana), Sana a (governorate)"
URY,Paysandu,"Litoral Norte (Paysandu, Salto and Rio Negro)"
ETH,Affar,Affar
TUR,West Marmara (Balikesir,"West Marmara (Balikesir, Canakkale, Edirne, Kirkla"
BEL,Prov. Oost-Vlaanderen,Prov. Oost-Vlaanderen
MNG,Khuvsgul,"Khangai (Arkhangai, Bayankhongor, Bulgan, Uvurkhangai, Khuvsgul, Orkhon)"
ITA,Provincia Autonoma di Trento,Provincia Autonoma di Trento
BTN,Chukha,Chukha
ESP,Region de Murcia,Region de Murcia
DZA,Saida,"Hauts Plateaux Ouest (Tiaret, Saida, Tissemsilt, Naama, El Bayadh)"
BRA,Espirito Santo,Espirito Santo
IND,Uttaranchal,Uttaranchal
COL,Medellin,Antioquia (incl Medellin)
COM,Ndzouani,Anjouan (Ndzouani)
BGR,Severozapaden,Severozapaden
KEN,North Eastern,North Eastern
SYR,Edlab Idleb,Edlab Idleb
PER,Huanuco,"Central (Huancavelica, Huanuco, Junin, Pasco)"
CHN,Inner Mongolia,Inner Mongolia
PHL,Central Luzon,III-Central Luzon
JAM,St Andrew,"Kingston, St Andrew"
Z06,Gilgit Baltistan,Gilgit Baltistan
HRV,Sibenik-Knin,County of Sibenik-Knin
KAZ,Mangistauskaya,"West region (Aktyubinskaya, Atyrauskaya, Mangistauskaya, West-Kazakhstanskaya)"
BGD,Brahmanbaria," Brahmanbaria, Chandpur, Comilla"
UGA,Teso,"Eastern (Bukedi, Bugishu, Teso)"
SWE,Vastsverige,Vastsverige
DOM,Sanchez Ramirez,"Region VIII (La Vega, Monsenor Nouel, Sanchez Ramirez)"
BRB,St. Joseph,"St. Lucy, St. Peter, St. Andrew, St. Joseph, and St. John"
UGA,Karamoja,"North (Karamoja, Lango, Acholi)"
TUR,Kutahya,"Aegean (Afyon, Aydin, Denizli, Izmir, Kutahya, Man"
COL,Vaupis,Vaupis
FJI,Ra,Ra
AFG,Sar-e-Pul,North (Samangan Sar-e-Pul Balkh Jawzjan Faryab)
TKM,Ashgabat City,Ashgabat City
LBR,Maryland,Maryland
PRY,Neembucu,"South-East (Guaira, Misiones, Paraguari, Neembucu)"
HRV,Split-Dalmatia,County of Split-Dalmatia
JAM,St Elizabeth,"Trelawny, St Elizabeth"
KHM,Kampong Spueu,Kampong Spueu
SYR,Al Latakia,Al Latakia
CAF,Ombella Mpoko,"RS I (Ombella Mpoko, Lobaye, Kemo, Nana Grebizi, Ouaka)"
KWT,Mubarak al-Sabah,"Al Asimah, Hawalli, Al-Farwaniyah, Mubarak al-Sabah"
GRC,Anatoliki Makedonia,"Anatoliki Makedonia, Thraki"
IDN,Central Kalimantan,Central Kalimantan
BEL,Bruxelles - Brussel,Bruxelles - Brussel
AGO,Huila, Huila
TZA,Dar Es Salam, Dar Es Salam
KAZ,Zhambylskaya,"South region (Almatinskaya, Zhambylskaya, Kyzylordinskaya, South-Kazakhstanskaya)"
GRC,Peloponnisos,Peloponnisos
KWT,Al-Farwaniyah,"Al Asimah, Hawalli, Al-Farwaniyah, Mubarak al-Sabah"
PHL,IVB-MIMAROPA,IVB-MIMAROPA
PHL,Zamboanga Peninsula,IX-Zamboanga Peninsula
THA,Northeast,Northeast
GHA,Brong Ahafo,Brong Ahafo
HRV,City of Zagreb,City of Zagreb
CAF,Kemo,"RS I (Ombella Mpoko, Lobaye, Kemo, Nana Grebizi, Ouaka)"
PRT,Centro,Centro
DOM,San Pedro de Macoris,"Region V (El Seibo, La Altagracia, La Romana, San Pedro de Macoris, Hato Mayor)"
VEN,Anzoategui,Anzoategui
TLS,Liquica,Liquica
CUB,Isla,Isla
COL,Norte,Bolivar (Sur and Norte)
EGY,Menya,Menya
CAN,Labrador,Newfoundland and Labrador
JPN,Hyogo,"Kansai region (Shiga, Kyoto, Osaka, Hyogo, Nara, Wakayama)"
KAZ,Kyzylordinskaya,"South region (Almatinskaya, Zhambylskaya, Kyzylordinskaya, South-Kazakhstanskaya)"
PRY,Caaguazu,"North-East (Caaguazu, Alto Parana, Canideyu)"
SLV,Oriental,Oriental
PHL,National Capital,National Capital Region
ARG,Patagonia,Patagonia
CZE,Jihovychod,Jihovychod
TUR,Central East Anatolia (Bingol,"Central East Anatolia (Bingol, Bitlis, Elazig, Hak"
SVK,Vychodne Slovensko,Vychodne Slovensko
ROU,Nord-Vest,Nord-Vest
TCD,Ouest,Zone 6 (Mayo-Kebbi Est and Ouest)
NIC,Esteli,"Central-Norte (Boaco, Chontales, Jinotega, Matagalpa, Esteli, Madriz, Nueva Segovia)"
STP,Regiao Norte,Regiao Norte
PHL,SOCCSKSARGEN,XII-SOCCSKSARGEN
CAN,Quebec,Quebec
CHL,Bio Bio,Bio Bio
FRA,Basse-Normandie,Basse-Normandie
SYR,Al Hasaka,Al Hasaka
BWA,Ngamiland,"North-West, Ngamiland"
NOR,Oslo og Akershus,Oslo og Akershus
LAO,Savannakhet,Savannakhet
CHN,Xinjiang,Xinjiang
BEL,Prov. West-Vlaanderen,Prov. West-Vlaanderen
PHL,Western Visayas,VI-Western Visayas
PRT,Regiao Autonoma da Madeira,Regiao Autonoma da Madeira
NOR,Trondelag,Trondelag
DJI,Other Districts,Other Districts
UGA,Busoga,East Central (Busoga)
COG,Lekoumou, Lekoumou
GBR,Yorkshire,Yorkshire and The Humber
ARG,Gran Buenos Aires,Gran Buenos Aires
KOR,Jeolla,Jeolla Region
JAM,St Mary,"St Thomas, Portland, St Mary"
AGO,Bie, Bie
TUR,North East Anatolia (Agri,"North East Anatolia (Agri, Erzincan, Erzurum, Kars"
COD,Orientale,Orientale
ALB,Durres, Durres
MAR,Centre south,Centre south
BRB,St. James,"St. James, St. George, and St. Thomas"
ALB,Vlore, Vlore
DNK,Sjaelland,Sjaelland
MNG,Umnugovi,"Central (Dornogovi, Dundgovi, Umnugovi, Selenge, Tuv, Darkhan-Uul, Govisumber)"
IRN,Bakhtiyari,Chaharmahal and Bakhtiyari
KHM,Bat Dambang-Krong Pailin,Bat Dambang-Krong Pailin
DOM,San Cristobal,"Region I (Peravia, San Cristobal, San Jose de Ocoa, Azua)"
HND,Francisco Morazan,Francisco Morazan
ESP,Aragon,Aragon
KWT,Ahmadi,Ahmadi
TCD,Barh El Gazal,"Zone 2 (Borkou, Ennedi, Tibesti, Kanem, Barh El Gazal, Lac)"
BFA,Ouagadougou,Centre (incl Ouagadougou)
LAO,Vientiane Municipality,Vientiane Municipality
BRB,St Michael,St Michael
FJI,Nadroga or Navosa,Nadroga or Navosa
TUR,East Black Sea (Artvin,"East Black Sea (Artvin, Giresun, Gumushane, Ordu,"
MDG,Anamoroni Mania,Anamoroni Mania
EST,Kirde-Eesti,Kirde-Eesti
BGD,Jaypurhat," Bogra, Gaibandha, Jaypurhat"
CZE,Stredni Cechy,Stredni Cechy
BEL,Prov. Namur,Prov. Namur
HTI,area,West (incl Metropolitain area)
SOM,Middle Shabelle,Middle Shabelle
MEX,Michoacan de Ocampo,Michoacan de Ocampo
PNG,Autonomous Region of Bougainville,Autonomous Region of Bougainville
ROU,Sud-Est,Sud-Est
CHL,OHiggins,OHiggins
CZE,Moravskoslezsko,Moravskoslezsko
TUR,Kirkla,"West Marmara (Balikesir, Canakkale, Edirne, Kirkla"
BLZ,Corozal,"Corozal, Orange Walk"
BRB,St. Thomas,"St. James, St. George, and St. Thomas"
DEU,Thuringen,Thuringen
CAF,Ouham Pende,"RS III (Ouham Pende, Ouham)"
Z06,AJK,AJK
AGO,Kuando Kubango, Kuando Kubango
GRC,Thessalia,Thessalia
MDG,Atsimo Andrefana,Atsimo Andrefana
IRQ,Anbar,Anbar
VNM,Red River Delta,Red River Delta
NGA,Zamfora,Zamfora
SLV,Occidental,Occidental
VEN,Amazonas Federal Territory,Amazonas Federal Territory
CZE,Praha,Praha
PAK,NWFrontier,Khyber Pakhtunkhwa (NWFrontier)
TGO,Lome,Lome
PHL,Ilocos,I-Ilocos
CHL,Los,Los Lagos (incl Los Rios)
ALB,Kukes, Kukes
CMR,Sud Ouest,Sud Ouest
VNM,South Central Coast,North Central Coast and South Central Coast
IND,Dadra,Dadra and Nagar Haveli
TZA,Mwanza," Mwanza, Geita"
AZE,East Zangezur,East Zangezur
GRC,Dytiki Ellada,Dytiki Ellada
LAO,Vientiane Province,Vientiane Province
MAR,Centre,Centre
TGO,Savanes,Savanes
CHL,Magallanes,Magallanes and La Antartica Chilena
MNG,Bayan-Ulgii,"Western (Bayan-Ulgii, Govi-Altai, Zavkhan, Uvs, Khovd)"
ALB,Diber, Diber
HUN,Eszak-Alfold,Eszak-Alfold
GAB,Ngounie,Ngounie
PER,Apurimac,"East (Madre de Dios, Cusco, Puno, Apurimac)"
NIC,Rio San Juan,"Atlantico (Rio San Juan, Atlantico Norte (Raan), Atlantico Sur (Raas))"
PHL,ARMM,ARMM
GBR,West Midlands,West Midlands
HRV,Pozega-Slavonia,County of Pozega-Slavonia
NIC,Leon,"Pacifico (Chinandega, Leon, Managua, Masaya, Granada, Carazo, Rivas)"
COG,Sangha, Sangha
ESP,Cataluna,Cataluna
TUR,Mediterranean (Adana,"Mediterranean (Adana, Antalya, Burdur, Hatay, Ispa"
YEM,Hudaydah,"Hodeida (Al Hudaydah), Mahweit (Al Mahwit)"
CHE,Lake Geneva,Lake Geneva region
GEO,Imereti Racha-Lochkhumi Kvemo Svaneti,Imereti Racha-Lochkhumi Kvemo Svaneti
ALB,Korce, Korce
AFG,Daikundi,Central Highlands (Bamyan Daikundi)
KAZ,Astana,"North region (Akmolinskaya (incl Astana city), Kostnaiskaya, Pavlodarskaya, North-Kazakhstanskaya)"
COL,Sur,Bolivar (Sur and Norte)
TUR,Man,"Aegean (Afyon, Aydin, Denizli, Izmir, Kutahya, Man"
EGY,Souhag,Souhag
NGA,Edo,Edo
HUN,Kozep-Dunantul,Kozep-Dunantul
GMB,Kuntaur,Kuntaur
AUS,Cartier Islands,"Ashmore and Cartier Islands, Coral Sea Islands Territory"
HUN,Del-Dunantul,Del-Dunantul
CIV,Nord,Nord
MDA,Chisinau,Chisinau
ESP,Andalucia,Andalucia
ECU,Oriente,Oriente
AZE,Baku,Baku
KEN,Rift Valley,Rift Valley
CPV,So Nicola,"Other islands (Boa Vista, Brava, Maio, So Nicola, Sal)"
IRQ,Nenava,Nenava
PRY,Itapua,"South-West (Caazapa, Itapua)"
PER,Amazonas,"North East (Amazonas, Loreto, San Martin, Ucayali)"
ETH,Addis,Addis
DOM,San Jose de Ocoa,"Region I (Peravia, San Cristobal, San Jose de Ocoa, Azua)"
EGY,Kafr El-Sheikh,Kafr El-Sheikh
MEX,Nuevo Leon,Nuevo Leon
CAF,Mambera Kadei,"RS II (Mambera Kadei, Nana Mambere, Sangha Mbaere)"
EGY,Kalyubia,Kalyubia
NOR,Vestlandet,Vestlandet
SVK,Stredne Slovensko,Stredne Slovensko
MNG,Tuv,"Central (Dornogovi, Dundgovi, Umnugovi, Selenge, Tuv, Darkhan-Uul, Govisumber)"
COD,Equateur,Equateur
CIV,Centre Ouest,Centre Ouest
BGD,Gopalganj," Gopalganj, Madaripur, Munshiganj, Shariatpur"
TUR,Duzce,"East Marmara (Bilecik, Bolu, Bursa, Duzce, Eskiseh"
TUN,Medinine,"Sud Est (Gabes, Medinine, Tataouine)"
CIV,Sud,"Sud, Abidjan"
