ISO Code,Location,Original Region
PRY,Paraguari,"South-East (Guaira, Misiones, Paraguari, Neembucu)"
TUV,Nanumaga,"Nanumea, Nanumaga, Niutao"
VNM,North Central Coast,North Central Coast and South Central Coast
PHL,Eastern Visayas,VIII-Eastern Visayas
COL,Medellin,Antioquia (incl Medellin)
EGY,Red Sea,"Frontier governorates (Red Sea, New Valley, Matroh, North Sainai, South Sainai)"
EGY,Sharkia,Sharkia
GMB,Basse,Basse
IDN,North Sumatra,North Sumatra
KAZ,(incl,"North region (Akmolinskaya (incl Astana city), Kostnaiskaya, Pavlodarskaya, North-Kazakhstanskaya)"
EGY,Menya,Menya
VEN,Region Los Llanos, Region Los Llanos
IND,Orissa,Orissa
KIR,Souyth Tarawa,Souyth Tarawa
PAN,Area Metropolitana, Area Metropolitana
GNQ,Kie Ntem,Kie Ntem
UGA,West Nile," Northern (North, Karamoja, West Nile)"
IDN,East Java,East Java
GNQ,Wele Nzas,Wele Nzas
MYS,Saba," East Malaysia (Saba, Sarawak)"
TUR,Igdir,"North East Anatolia (Agri, Erzincan, Erzurum, Kars, Bayburt, Ardahan, Igdir)"
VEN,Bolivar,Bolivar
GNQ,Annobon,"Annobon, Bioko"
ARG,NOA,NOA
BFA,Plateau Central,Plateau Central
COD,Kasai Occidental,Kasai Occidental
KAZ,city,"North region (Akmolinskaya (incl Astana city), Kostnaiskaya, Pavlodarskaya, North-Kazakhstanskaya)"
AZE,Baku,Baku
NGA,Zamfora,Zamfora
PAK,Gilgit Baltistan,Gilgit Baltistan
URY,Florida,"Centro Sur (Flores, Florida and Lavalleja)"
GTM,North-Occidental,North-Occidental
TUN,Kasserine,"Centre Ouest (Kairouan, Kasserine, Sidi Bouzid)"
WSM,Apia Urban Area,Apia Urban Area
IRQ,Thi-Qar,Thi-Qar
MNG,Khentii,"Eastern (Dornod, Sukhbaatar, Khentii)"
COL,Sucre,Sucre
CHN,Xinjiang,Xinjiang
GTM,South-Oriental,South-Oriental
CMR,Sud Ouest,Sud Ouest
CMR,Sud,Sud
AFG,Daikundi,Central Highlands (Bamyan Daikundi)
IND,Jammu,Jammu and Kashmir
PHL,Central Visayas,VII-Central Visayas
HND,Intibuca,Intibuca
CAF,Nana Grebizi,"RS I (Ombella Mpoko, Lobaye, Kemo, Nana Grebizi, Ouaka)"
SLV,Oriental,Oriental
COL,Vaupis,Vaupis
ARG,Pampeana,Pampeana
EGY,South Sainai,"Frontier governorates (Red Sea, New Valley, Matroh, North Sainai, South Sainai)"
IDN,Sulawesi,South Sulawesi (incl Sulawesi Barat)
SOM,Togdhere,Togdhere
MNG,Tuv,"Central (Dornogovi, Dundgovi, Umnugovi, Selenge, Tuv, Darkhan-Uul, Govisumber)"
COL,Cordoba,Cordoba
TKM,Ashgabat City,Ashgabat City
TUR,South East Anatolia (Adiyaman,"South East Anatolia (Adiyaman, Diyarbakir, Gaziantep, Mardin, Siirt, Sanliurfa, Batman, Sirnak, Kili"
MEX,Nuevo Leon," Noreste (Aguascalientes, Coahuila, Guanajuato, Nuevo Leon, Queretaro, San Luis Potosi, Tamaulipas,"
LAO,Sayabury,Sayabury
UGA,Busoga,East Central (Busoga)
CHN,Ningxia," Gansu, Qinghai, Ningxia, Xinjiang"
LBR,South Eastern B, South Eastern B
TGO,Centrale,Centrale
MNG,Darkhan-Uul,"Central (Dornogovi, Dundgovi, Umnugovi, Selenge, Tuv, Darkhan-Uul, Govisumber)"
KEN,Rift Valley,Rift Valley
CRI,Limon,Limon
SRB,East Serbia,South and East Serbia
STP,Regiao Norte,Regiao Norte
PHL,ARMM,ARMM
YEM,capital;,"Sana a (capital; Al Amana), Sana a (governorate)"
IDN,Central Kalimantan,Central Kalimantan
BRB,St. Joseph,"St. Lucy, St. Peter, St. Andrew, St. Joseph, and St. John"
SYR,Al Latakia,Al Latakia
SOM,Lower Shabelle,Lower Shabelle
DOM,San Pedro de Macoris,"Region V (El Seibo, La Altagracia, La Romana, San Pedro de Macoris, Hato Mayor)"
NPL,Madhesh province,Madhesh province
UGA,Karamoja," Northern (North, Karamoja, West Nile)"
CUB,Guantanamo,Guantanamo
IRQ,Muthanna,Muthanna
PHL,IVA-CALABARZON,IVA-CALABARZON
COL,Caqueta,Caqueta
IDN,South Kalimantan,South Kalimantan
PAN,Chiriqui,Chiriqui
SYR,Hamaa,Hamaa
CHL,Region Metropolitana,Region Metropolitana
KAZ,Mangistauskaya,"West region (Aktyubinskaya, Atyrauskaya, Mangistauskaya, West-Kazakhstanskaya)"
MEX,Michoacan de Ocampo,Michoacan de Ocampo
GAB,Woleu Ntem,Woleu Ntem
KAZ,Atyrauskaya,"West region (Aktyubinskaya, Atyrauskaya, Mangistauskaya, West-Kazakhstanskaya)"
TCD,Chari-Baguimi,"Zone 5 (Chari-Baguimi, Dababa, Baguirmi, Hadjer Lamis)"
PRY,Asuncion,"Central (Asuncion, Central)"
CAF,Ombella Mpoko,"RS I (Ombella Mpoko, Lobaye, Kemo, Nana Grebizi, Ouaka)"
CHN,Inner Mongolia," Henan, Shanxi, Shaanxi, Inner Mongolia"
CHL,Arbucania,Arbucania
PRY,Caazapa,"South-West (Caazapa, Itapua)"
KWT,Al-Farwaniyah,"Al Asimah, Hawalli, Al-Farwaniyah, Mubarak al-Sabah"
IDN,DI Aceh,DI Aceh
FJI,Ra,Ra
MEX,Mexico, CDMX-Edo Mexico Ciudad de Mexico (Estado de Mexico)
BIH,Western herzegovina,Western herzegovina
DOM,Sanchez Ramirez,"Region VIII (La Vega, Monsenor Nouel, Sanchez Ramirez)"
MUS,Riviere du Rempart,"North (Port Louis, Pamplemousses, Riviere du Rempart, Flacq, Moka)"
LBR,North Western, North Western
QAT,Al-Wakra,Al-Wakra
UGA,Bunyoro,"Western (Bunyoro, Tooro)"
PHL,Cagayan Valley,II-Cagayan Valley
TCD,Hadjer Lamis,"Zone 5 (Chari-Baguimi, Dababa, Baguirmi, Hadjer Lamis)"
URY,Paysandu,"Litoral Norte (Paysandu, Salto and Rio Negro)"
NPL,Sudurpashchim province,Sudurpashchim province
COD,Orientale,Orientale
TZA,Mwanza," Mwanza, Geita"
CHN,Ningxia,Ningxia
ALB,Vlore, Vlore
PRY,Alto Parana,"North-East (Caaguazu, Alto Parana, Canideyu)"
HND,Copan,Copan
GAB,Moyen Ogooue,Moyen Ogooue
IDN,Central Java,Central Java
CHN,Guangxi Zhuang,Guangxi Zhuang
YEM,Omran,"Hajja, Sada, Amran (Omran)"
TUR,Karabuk,"West Black Sea (Amasya, Cankiri, Corum, Kastamonu, Samsun, Sinop, Tokat, Zonguldak, Bartin, Karabuk)"
CHL,Centro V - VII, Centro V - VII
GMB,Brikama,Brikama
GTM,Metropolitan,Metropolitan
TJK,GBAO,GBAO
VEN,Region Capital, Region Capital
MEX,Queretaro," Noreste (Aguascalientes, Coahuila, Guanajuato, Nuevo Leon, Queretaro, San Luis Potosi, Tamaulipas,"
COG,Sangha, Sangha
ARG,Gran Buenos Aires,Gran Buenos Aires
COD,Equateur,Equateur
COL,Quindio,Quindio
QAT,Al-Khor,Al-Khor
TCD,Ouest,Zone 6 (Mayo-Kebbi Est and Ouest)
MWI,Nkhota Kota,"Other central (Nkhota Kota, Mchinji, Dowa, Ntchisi, Dedza, Ntcheu)"
LAO,Champasack,Champasack
UGA,West Nile,West Nile
IDN,West Sumatra,West Sumatra
EGY,North Sainai,"Frontier governorates (Red Sea, New Valley, Matroh, North Sainai, South Sainai)"
MRT,Tiris-Zemmour,Tiris-Zemmour
BRB,St. James,"St. James, St. George, and St. Thomas"
CUB,Ciego de Avila,Ciego de Avila
AZE,Dakhlik Shirvan,Dakhlik Shirvan
PRY,Neembucu,"South-East (Guaira, Misiones, Paraguari, Neembucu)"
SYR,Al Qunitara - Quneitra,Al Qunitara - Quneitra
IND,Uttaranchal,Uttaranchal
COL,Choco,Choco
PAN,Darien,Darien
AZE,Guba Khachmaz,Guba Khachmaz
PAN,Area Oriental, Area Oriental
CIV,Denguele,Denguele
PNG,Oro,"Northern, Oro"
SAU,Riadh,"Center (Riadh, Qassim)"
KHM,Kampong Spueu,Kampong Spueu
ALB,Durres, Durres
GAB,Ogooue Lolo,Ogooue Lolo
KGZ,Chuy,Chuy
NGA,Edo,Edo
BDI,Mairie de Bujumbura,"West (Bubanza, Buja Rural, Cibitoke, Mairie de Bujumbura)"
TCA,Turks islands,Turks islands
BIH,Republica Srpska,Republica Srpska
VNM,Red River Delta,Red River Delta
QAT,Al-Rayyan,Al-Rayyan
CAF,Ouham Pende,"RS III (Ouham Pende, Ouham)"
MEX,Michoacan y Colima," Centro (Guerrero, Morelos, Puebla, Tlaxcala, Hidalgo, Michoacan y Colima)"
GMB,Mansakonko,Mansakonko
BOL,La Paz,La Paz
CPV,S.Vicente,S.Vicente
UGA,Teso,"Eastern (Bukedi, Bugishu, Teso)"
KWT,Mubarak al-Sabah,"Al Asimah, Hawalli, Al-Farwaniyah, Mubarak al-Sabah"
TUR,Icel,"Mediterranean (Adana, Antalya, Burdur, Hatay, Isparta, Icel, K Maras, Osmaniye)"
IDN,East Nusa Tenggara,East Nusa Tenggara
CUB,S.Spiritus,S.Spiritus
BRB,St. Lucy,"St. Lucy, St. Peter, St. Andrew, St. Joseph, and St. John"
JAM,St Ann,"St Ann, St Catherine"
AGO,Kuando Kubango, Kuando Kubango
PAK,AJK,AJK
CUB,Pinar del Rio,Pinar del Rio
URY,San Jose,"Litoral Sur (Soriano, Colonia and San Jose)"
KAZ,West-Kazakhstanskaya,"West region (Aktyubinskaya, Atyrauskaya, Mangistauskaya, West-Kazakhstanskaya)"
TJK,DRS,DRS
VEN,Region Los Andes, Region Los Andes
PHL,Cordillera Admin,Cordillera Admin Region
LAO,Savannakhet,Savannakhet
MYS,Kuala Lumpur Federal Territory,Kuala Lumpur Federal Territory
LSO,Mohale s Hoek,Mohale s Hoek
IRQ,Suleimaniya,Suleimaniya
IND,Chandigarth,Chandigarth
MEX,Yucatan,Yucatan
TJK,formerly,Sughd (formerly Leninabad)
LAO,Borikhamxay,Borikhamxay
BRB,St. Andrew,"St. Lucy, St. Peter, St. Andrew, St. Joseph, and St. John"
MDV,Male,Male
PRY,Misiones,"South-East (Guaira, Misiones, Paraguari, Neembucu)"
STP,Regiao Sul,Regiao Sul
EGY,Kalyubia,Kalyubia
VEN,Region Zuliana, Region Zuliana
IRN,Boyerahmad,Kohgiluyeh and Boyerahmad
BRB,St Michael,St Michael
PAN,Cocle,Cocle
IDN,DI Yogyakarta,DI Yogyakarta
CMR,Extreme Nord,Extreme Nord
GMB,Janjabureh,Janjabureh
COM,Ndzouani,Anjouan (Ndzouani)
VEN,Region Centro-Occidental, Region Centro-Occidental
VEN,Amacuros Delta Federal Territory,Amacuros Delta Federal Territory
MNE,Centre,Centre
BRA,Amapa,Amapa
SYR,Rural Damascus,Rural Damascus
KHM,Kampong Thum,Kampong Thum
CAF,Baminigui Bangoran,"RS IV (Haute-Kotto, Baminigui Bangoran, Vakaga)"
EGY,Souhag,Souhag
IRQ,Qadisiya,Qadisiya
EGY,Dakahlia,Dakahlia
PHL,IVB-MIMAROPA,IVB-MIMAROPA
ETH,Ben-Gumz,Ben-Gumz
JAM,St Andrew,"Kingston, St Andrew"
KAZ,Almatinskaya,"South region (Almatinskaya, Zhambylskaya, Kyzylordinskaya, South-Kazakhstanskaya)"
GIN,N Zerekore,N Zerekore
TUR,Canakkale,"West Marmara (Balikesir, Canakkale, Edirne, Kirklareli, Tekirdag)"
VNM,South Central Coast,North Central Coast and South Central Coast
UGA,East Central," Eastern (Eastern, East Central)"
BRA,Ceara,Ceara
HND,Colon,Colon
NGA,Adamawa,Adamawa
SLV,Central I,Central I
VEN,Amazonas Federal Territory,Amazonas Federal Territory
TGO,Plateaux,Plateaux
BFA,Ouagadougou,Centre (incl Ouagadougou)
TUR,Duzce,"East Marmara (Bilecik, Bolu, Bursa, Duzce, Eskisehir, Kocaeli, Sakarya, Yalova)"
KHM,Kampot-Krong Kaeb-Krong Preah Sihanouk,Kampot-Krong Kaeb-Krong Preah Sihanouk
IND,Andaman,Andaman and Nicobar Islands
PAN,Ngobe Bugle,Ngobe Bugle
CAF,Mbornou,"RS V (Basse Kotto, Mbornou, Houte Mbormou)"
KHM,Kandal,Kandal
HTI,Grande-Anse,"Grande-Anse, Nippes"
KIR,Central Gibert,Central Gibert
UGA,Bukedi,"Eastern (Bukedi, Bugishu, Teso)"
PAN,Colon,Colon
SSD,Northern Bahr El Ghazal,Northern Bahr El Ghazal
SSD,Western Bahr El Ghazal,Western Bahr El Ghazal
CMR,Nord,Nord
VEN,Region Central, Region Central
IDN,islands,Riau (incl. Riau islands)
CIV,Vallee du Bandama,Vallee du Bandama
BRB,St. George,"St. James, St. George, and St. Thomas"
STP,Regiao Centro,Regiao Centro
MDA,Chisinau,Chisinau
IDN,Barat,South Sulawesi (incl Sulawesi Barat)
UGA,Central 2," Central (Central 1, Central 2, Kampala)"
ALB,Gjirokaster, Gjirokaster
MAR,Centre north,Centre north
PHL,Bicol,V-Bicol
COL,Narino,Narino
CHL,Magallanes,Magallanes and La Antartica Chilena
MEX,Queretaro,Queretaro
KAZ,Akmolinskaya,"North region (Akmolinskaya (incl Astana city), Kostnaiskaya, Pavlodarskaya, North-Kazakhstanskaya)"
MYS,Wilayah Persekutuan," Central (Perak, Selangor, Wilayah Persekutuan)"
TUR,Bingol,"Central East Anatolia (Bingol, Bitlis, Elazig, Hakkari, Malatya, Mus, Tunceli, Van)"
COD,Bas-Congo,Bas-Congo
NIC,Atlantico Norte (Raan,"Atlantico (Rio San Juan, Atlantico Norte (Raan), Atlantico Sur (Raas))"
ETH,Addis,Addis
MNG,Govi-Altai,"Western (Bayan-Ulgii, Govi-Altai, Zavkhan, Uvs, Khovd)"
CHL,Aisen,Aisen
ARG,NEA,NEA
KHM,Mondol Kiri-Rotanak Kiri,Mondol Kiri-Rotanak Kiri
KIR,Southern Gilbert,Southern Gilbert
CAF,Basse Kotto,"RS V (Basse Kotto, Mbornou, Houte Mbormou)"
JAM,St Thomas,"St Thomas, Portland, St Mary"
DJI,Other Districts,Other Districts
BRA,Sao Paulo,Sao Paulo
YEM,Amana,"Sana a (capital; Al Amana), Sana a (governorate)"
CUB,Holguin,Holguin
KAZ,South-Kazakhstanskaya,"South region (Almatinskaya, Zhambylskaya, Kyzylordinskaya, South-Kazakhstanskaya)"
LAO,Vientiane Municipality,Vientiane Municipality
NGA,Abuja FCT,Abuja FCT
TUN,Gabes,"Sud Est (Gabes, Medinine, Tataouine)"
LBR,North Central, North Central
MRT,Hodh Gharbi,Hodh Gharbi
THA,Northeast,Northeast
MKD,Vardarski,Vardarski
VEN,Anzoategui,Anzoategui
MOZ,Maputo Provincia,Maputo Provincia
TUR,Cankiri,"West Black Sea (Amasya, Cankiri, Corum, Kastamonu, Samsun, Sinop, Tokat, Zonguldak, Bartin, Karabuk)"
MDG,Atsimo Andrefana,Atsimo Andrefana
KHM,Khmum,Kampong Cham (incl Tboung Khmum)
GMB,Kuntaur,Kuntaur
NPL,Lumbini province,Lumbini province
KWT,Al Asimah,"Al Asimah, Hawalli, Al-Farwaniyah, Mubarak al-Sabah"
COL,Bogota D.C.,Bogota D.C.
PER,Junin,"Central (Huancavelica, Huanuco, Junin, Pasco)"
MEX,San Luis Potosi,San Luis Potosi
KWT,Ahmadi,Ahmadi
BRB,St. Philip,Christ Church and St. Philip
COL,Guainja,Guainja
IRQ,Nenava,Nenava
SSD,Warrap,Warrap
COD,Katanga,Katanga
PNG,Autonomous Region of Bougainville,Autonomous Region of Bougainville
TCD,Barh El Gazal,"Zone 2 (Borkou, Ennedi, Tibesti, Kanem, Barh El Gazal, Lac)"
MYS,Labuan Federal Territory,Labuan Federal Territory
CHN,Inner Mongolia,Inner Mongolia
CUB,Isla,Isla
NAM,Northeast, Northeast
IRQ,Diala,Diala
TCD,Assongha,"Zone 4 (Ouaddai, Assongha, Sila, Biltine - Wadi Fira)"
MAR,Tensift,Tensift
NIC,Rio San Juan,"Atlantico (Rio San Juan, Atlantico Norte (Raan), Atlantico Sur (Raas))"
MEX,Nuevo Leon,Nuevo Leon
TCD,Ennedi,"Zone 2 (Borkou, Ennedi, Tibesti, Kanem, Barh El Gazal, Lac)"
PRY,Canideyu,"North-East (Caaguazu, Alto Parana, Canideyu)"
HND,Islas de la Bahia,Islas de la Bahia
ZAF,Northern Province,Northern Province
SYR,Halab - Aleppo,Halab - Aleppo
LBN,Nabtieh,"Southern, Nabtieh"
TUN,Beja,"Nord Ouest (Beja, Jendouba, Kef, Siliana)"
MMR,Taninthayi,Taninthayi
SDN,North Kordofan,North Kordofan
MNG,Arkhangai,"Khangai (Arkhangai, Bayankhongor, Bulgan, Uvurkhangai, Khuvsgul, Orkhon)"
MDG,Atsimo Atsinanana,Atsimo Atsinanana
WSM,Savaii,Savaii
IDN,North Sulawesi,North Sulawesi
DOM,Monsenor Nouel,"Region VIII (La Vega, Monsenor Nouel, Sanchez Ramirez)"
KEN,North Eastern,North Eastern
PAN,Area Central, Area Central
IDN,East Timor,East Timor
VEN,Falcon,Falcon
YEM,Hudaydah,"Hodeida (Al Hudaydah), Mahweit (Al Mahwit)"
AGO,Kuanza Sul, Kuanza Sul
MOZ,Maputo Cidade,Maputo Cidade
ETH,Affar,Affar
URY,Rio Negro,"Litoral Norte (Paysandu, Salto and Rio Negro)"
HND,Francisco Morazan,Francisco Morazan
CHL,La Antartica Chilena,Magallanes and La Antartica Chilena
COD,Kasai Oriental,Kasai Oriental
LSO,Qasha s Nek,Qasha s Nek
UGA,Ankole,"Southwest (Ankole, Kigezi)"
MUS,Rodrigues,Rodrigues
YEM,town,"Abyan, Aden (town and countryside), Lahej, Ad Dali (Al Dhalih)"
IDN,West Nusa Tenggara,West Nusa Tenggara
COM,Ngazidja,Grande Comore (Ngazidja)
LBR,South Central, South Central
BLZ,Corozal,"Corozal, Orange Walk"
BWA,Ngamiland,"North-West, Ngamiland"
GTM,Peten,Peten
AGO,Bie, Bie
TCD,Logone Occidental & Oriental,"Zone 7 (Logone Occidental & Oriental, Monts de Lam, Tandjile Est & Ouest)"
BRB,St. Peter,"St. Lucy, St. Peter, St. Andrew, St. Joseph, and St. John"
MKD,Skopski,Skopski
MNG,Sukhbaatar,"Eastern (Dornod, Sukhbaatar, Khentii)"
ZAF,KwaZulu Natal,KwaZulu Natal
DOM,San Juan,"Region VI (San Juan, Elias Pina)"
BRB,St. John,"St. Lucy, St. Peter, St. Andrew, St. Joseph, and St. John"
BGD,Brahmanbaria," Brahmanbaria, Chandpur, Comilla"
UGA,Bugishu,"Eastern (Bukedi, Bugishu, Teso)"
CAF,Sangha Mbaere,"RS II (Mambera Kadei, Nana Mambere, Sangha Mbaere)"
CMR,Ouest,Ouest
MNG,Uvurkhangai,"Khangai (Arkhangai, Bayankhongor, Bulgan, Uvurkhangai, Khuvsgul, Orkhon)"
KAZ,Zhambylskaya,"South region (Almatinskaya, Zhambylskaya, Kyzylordinskaya, South-Kazakhstanskaya)"
TZA,Dar Es Salam, Dar Es Salam
PAK,ICT,Islamabad (ICT)
SLV,Central II,Central II
SRB,Vojvodina,Vojvodina
ECU,Coste,Coste
PHL,SOCCSKSARGEN,XII-SOCCSKSARGEN
CHL,Rios,Los Lagos (incl Los Rios)
CAF,Mambera Kadei,"RS II (Mambera Kadei, Nana Mambere, Sangha Mbaere)"
MEX,Mexico,Mexico
PHL,Northern Mindanao,X-Northern Mindanao
IRQ,Salaheldeen,Salaheldeen
ZWE,Matebeleland North,Matebeleland North
BGD,Jaypurhat," Bogra, Gaibandha, Jaypurhat"
CHL,Bio Bio,Bio Bio
HTI,Centre,Centre
MEX,Noreste (Aguascalientes," Noreste (Aguascalientes, Coahuila, Guanajuato, Nuevo Leon, Queretaro, San Luis Potosi, Tamaulipas,"
FJI,Nadroga or Navosa,Nadroga or Navosa
NPL,Bagmati province,Bagmati province
SOM,Middle Shabelle,Middle Shabelle
BTN,Lhuntse,Lhuntse
GAB,Haut Ogooue,Haut Ogooue
PRY,Guaira,"South-East (Guaira, Misiones, Paraguari, Neembucu)"
HTI,Camps,Camps
AFG,Sar-e-Pul,North (Samangan Sar-e-Pul Balkh Jawzjan Faryab)
SYR,Al Hasaka,Al Hasaka
ECU,Sierra,Sierra
PAN,Area Occidental, Area Occidental
CPV,Santiago-Interior,Santiago-Interior
KAZ,Karagandinskaya,Central region (Karagandinskaya)
MNG,Govisumber,"Central (Dornogovi, Dundgovi, Umnugovi, Selenge, Tuv, Darkhan-Uul, Govisumber)"
BFA,Est,Est
MNG,Khuvsgul,"Khangai (Arkhangai, Bayankhongor, Bulgan, Uvurkhangai, Khuvsgul, Orkhon)"
COG,Cuvette Ouest, Cuvette Ouest
DOM,Samana,"Region III (Duarte, Maria Trinidad Sanchez, Salcedo, Samana)"
VEN,Tachira,Tachira
ZWE,Matebeleland South,Matebeleland South
IRN,EastAzarbayejan,EastAzarbayejan
BRA,Goias,Goias
JAM,St Elizabeth,"Trelawny, St Elizabeth"
LCA,St Lucia rural,St Lucia rural
PSE,Gaza City,Gaza City
MEX,Noroeste (Baja California," Noroeste (Baja California, Baja California Sur, Chihuahua, Durango, Jalisco, Nayarit, Sinaloa y Son"
CAF,Houte Mbormou,"RS V (Basse Kotto, Mbornou, Houte Mbormou)"
MDV,North Central,North Central
MDV,South Central,South Central
TJK,Duchanbe,Duchanbe
MRT,Trarza incl Nouakchott,Trarza incl Nouakchott
NAM,Northwest, Northwest
RWA,City of Kigali,City of Kigali
CHN,Tibet," Chongqing, Sichuan, Guizhou, Yunnan, Tibet"
SOM,W Galbeed,W Galbeed
TCD,Bahr Koh,"Zone 8 (Mandoul, Moyen-Chari, Bahr Koh, Lac Iro)"
MEX,Sinaloa y Son," Noroeste (Baja California, Baja California Sur, Chihuahua, Durango, Jalisco, Nayarit, Sinaloa y Son"
PAN,Embera Wounaan,Embera Wounaan
SDN,Al Gedarif,Al Gedarif
TLS,Liquica,Liquica
DOM,Maria Trinidad Sanchez,"Region III (Duarte, Maria Trinidad Sanchez, Salcedo, Samana)"
COG,Lekoumou, Lekoumou
VEN,Federal District,Federal District
URY,Metropolitan area,Montevideo and Metropolitan area
QAT,Umm Slal,Umm Slal
SOM,Hiran,Hiran
KAZ,Kyzylordinskaya,"South region (Almatinskaya, Zhambylskaya, Kyzylordinskaya, South-Kazakhstanskaya)"
MDG,Anamoroni Mania,Anamoroni Mania
BRA,Maranhao,Maranhao
IND,Nagar Haveli,Dadra and Nagar Haveli
IRQ,Ta-amem-Karkuk,Ta-amem-Karkuk
PRY,Caaguazu,"North-East (Caaguazu, Alto Parana, Canideyu)"
EGY,Fayoum,Fayoum
COL,Norte,Bolivar (Sur and Norte)
KAZ,Astana,"North region (Akmolinskaya (incl Astana city), Kostnaiskaya, Pavlodarskaya, North-Kazakhstanskaya)"
KHM,Siem Reab-Otdar Mean Chey,Siem Reab-Otdar Mean Chey
BFA,Hauts Bassins,Hauts Bassins
TUR,Corum,"West Black Sea (Amasya, Cankiri, Corum, Kastamonu, Samsun, Sinop, Tokat, Zonguldak, Bartin, Karabuk)"
EGY,Kafr El-Sheikh,Kafr El-Sheikh
HTI,Metropolitain,West (incl Metropolitain area)
LAO,Vientiane Province,Vientiane Province
NIC,Esteli,"Central-Norte (Boaco, Chontales, Jinotega, Matagalpa, Esteli, Madriz, Nueva Segovia)"
JOR,Aljoun,Aljoun
MDA,Center,Center
IDN,Central Sulawesi,Central Sulawesi
QAT,Al-Shamal,Al-Shamal
HND,Santa Barbara,Santa Barbara
COL,Sur,Bolivar (Sur and Norte)
WSM,North West Upolu,North West Upolu
YEM,Bayda,"Beida (Al Bayda), Dhamar, Raimah"
UGA,Central 1," Central (Central 1, Central 2, Kampala)"
JAM,St Catherine,"St Ann, St Catherine"
MEX,Veracruz y Yucatan," Sur (Campeche, Chiapas, Oaxaca, Quintana Roo, Tabasco, Veracruz y Yucatan)"
IND,Punjab,Punjab
CPV,Santiago- Praia,Santiago- Praia
PER,Amazonas,"North East (Amazonas, Loreto, San Martin, Ucayali)"
SAU,Eastern province,Eastern province
IDN,West Java,West Java
CIV,Goh-Djiboua,Goh-Djiboua
CMR,Nord Ouest,Nord Ouest
BRA,Espirito Santo,Espirito Santo
LBY,Tripolitania,Tripolitania
GNQ,Litoral,Litoral
PAK,NWFrontier,Khyber Pakhtunkhwa (NWFrontier)
BTN,Wangdi,Wangdi
CAF,Nana Mambere,"RS II (Mambera Kadei, Nana Mambere, Sangha Mbaere)"
PHL,Western Visayas,VI-Western Visayas
ARG,Patagonia,Patagonia
HND,Valle,Valle
KEN,Nyanza,Nyanza
KHM,Banteay Mean Chey,Banteay Mean Chey
BIH,Western Bosnia,Western Bosnia
MEX,Estado, CDMX-Edo Mexico Ciudad de Mexico (Estado de Mexico)
AFG,Helmand,South (Uruzgan Helmand Zabul Nimroz Kandahar)
TUR,Kili,"South East Anatolia (Adiyaman, Diyarbakir, Gaziantep, Mardin, Siirt, Sanliurfa, Batman, Sirnak, Kili"
UGA,Kigezi,"Southwest (Ankole, Kigezi)"
KHM,Preah Vihear-Stueng Traeng-Kracheh,Preah Vihear-Stueng Traeng-Kracheh
KHM,Tboung,Kampong Cham (incl Tboung Khmum)
DOM,San Jose de Ocoa,"Region I (Peravia, San Cristobal, San Jose de Ocoa, Azua)"
GAB,Ogooue Maritime,Ogooue Maritime
CHL,Norte I - IV, Norte I - IV
NPL,Koshi province,Koshi province
CPV,Fogo,Fogo
NPL,Gandaki province,Gandaki province
UGA,Southwest," Western (Western, Southwest)"
BOL,Potosi,Potosi
LBY,Fezzan,Fezzan
PSE,Qalqiliya,Qalqiliya
AZE,Shaki Zaqatala,Shaki Zaqatala
IRN,Khorasan-e-Razavi,Khorasan-e-Razavi
BRA,Rondonia,Rondonia
AGO,Huila, Huila
KEN,Coast,Coast
DOM,Elias Pina,"Region VI (San Juan, Elias Pina)"
ALB,Korce, Korce
KIR,Line,Line and Phoenix Group
SYR,Edlab Idleb,Edlab Idleb
HTI,area,West (incl Metropolitain area)
LBR,Monrovia, Monrovia
ALB,Shkoder, Shkoder
VEN,Guarico,Guarico
ARG,Cuyo,Cuyo
SYR,Al Raka-Raqqa,Al Raka-Raqqa
NIC,Leon,"Pacifico (Chinandega, Leon, Managua, Masaya, Granada, Carazo, Rivas)"
TCD,Biltine - Wadi Fira,"Zone 4 (Ouaddai, Assongha, Sila, Biltine - Wadi Fira)"
FJI,Bua,"Cakaudrove, Bua"
BFA,Boucle de Mouhoun,Boucle de Mouhoun
AZE,Ganja Gazakh,Ganja Gazakh
SYR,Al Swida - Sweida,Al Swida - Sweida
BDI,Buja Rural,"West (Bubanza, Buja Rural, Cibitoke, Mairie de Bujumbura)"
PHL,Central Luzon,III-Central Luzon
IDN,East Kalimantan,East Kalimantan
UGA,Lango,"North (Karamoja, Lango, Acholi)"
PHL,Ilocos,I-Ilocos
VNM,Mekong River Delta,Mekong River Delta
HND,Cortes,Cortes
BRA,Paraiba,Paraiba
GEO,Imereti Racha-Lochkhumi Kvemo Svaneti,Imereti Racha-Lochkhumi Kvemo Svaneti
DZA,Saida,"Hauts Plateaux Ouest (Tiaret, Saida, Tissemsilt, Naama, El Bayadh)"
IRN,Sistanand Baluchestan,Sistanand Baluchestan
TCA,Providenciales,Providenciales
CPV,S.Antao,S.Antao
IRN,WestAzarbayejan,WestAzarbayejan
GTM,North-Oriental,North-Oriental
CHN,Xinjiang," Gansu, Qinghai, Ningxia, Xinjiang"
ALB,Lezhe, Lezhe
GNQ,Bioko,"Annobon, Bioko"
SYR,Der El Zour - Deir Ezzor,Der El Zour - Deir Ezzor
CHL,former,Valparaiso (former Aconcagua)
KHM,Pousat,Pousat
PHL,Zamboanga Peninsula,IX-Zamboanga Peninsula
SDN,Al Gezira,Al Gezira
GEO,Samegrelo-Zemo Svateni,Samegrelo-Zemo Svateni
IRQ,Anbar,Anbar
ALB,Diber, Diber
PER,Apurimac,"East (Madre de Dios, Cusco, Puno, Apurimac)"
BRB,St. Thomas,"St. James, St. George, and St. Thomas"
LBR,South Eastern A, South Eastern A
PSE,Deir El-Balah,Deir El-Balah
IDN,West Kalimantan,West Kalimantan
SLV,Occidental,Occidental
MYS,Penang," North (Perlis, Kedah, Penang)"
ERI,Semenawi Keih Bahri,Semenawi Keih Bahri
TUN,Sidi Bouzid,"Centre Ouest (Kairouan, Kasserine, Sidi Bouzid)"
EGY,New Valley,"Frontier governorates (Red Sea, New Valley, Matroh, North Sainai, South Sainai)"
ETH,SNNP,SNNP
UGA,Karamoja,"North (Karamoja, Lango, Acholi)"
JOR,Tafiela,Tafiela
SRB,Sumadija,Sumadija and West Serbia
KIR,Phoenix Group,Line and Phoenix Group
STP,Regiao do Principe,Regiao do Principe
MDG,Alaotra Mangoro,Alaotra Mangoro
SDN,Nahr El Nil,Nahr El Nil
LBY,Cyrenaica,Cyrenaica
PAN,Panama,Panama
HND,El Paraiso,El Paraiso
WSM,Rest of Upolu,Rest of Upolu
TUR,Kutahya,"Aegean (Afyon, Aydin, Denizli, Izmir, Kutahya, Manisa, Mugla, Usak)"
SOM,Banadir,Banadir
MRT,Adrar,Adrar
MKD,Poloski,Poloski
PER,San Martin,"North East (Amazonas, Loreto, San Martin, Ucayali)"
EGY,Matroh,"Frontier governorates (Red Sea, New Valley, Matroh, North Sainai, South Sainai)"
VEN,Merida,Merida
CMR,Douala,Littoral (incl Douala)
GIN,Boke,Boke
PRY,Conception,"North-West (Boqueron, Alto Paraguay, Presidente Hayes, Conception, Amambay, San pedro, Cordillera)"
TCD,Tandjile Est & Ouest,"Zone 7 (Logone Occidental & Oriental, Monts de Lam, Tandjile Est & Ouest)"
CIV,Bas Sassandra,Bas Sassandra
ECU,Oriente,Oriente
KHM,Bat Dambang-Krong Pailin,Bat Dambang-Krong Pailin
KAZ,East-Kazakhstanskaya,East region (East-Kazakhstanskaya)
CIV,Comoe,Comoe
MYS,Terengganu,Terengganu
GMB,Kerewan,Kerewan
CUB,Prov. Habana,Prov. Habana
JAM,St Mary,"St Thomas, Portland, St Mary"
KAZ,Almaty city,Almaty city
GIN,Labe,Labe
BGD,Cox s Bazar," Bandarban, Cox s Bazar"
KIR,Northern Gilbert,Northern Gilbert
PSE,Al Aghwar,Jericho and Al Aghwar
CUB,C. Habana,C. Habana
COL,Boyaca,Boyaca
BRA,Piaui,Piaui
CRI,San Jose,San Jose
NPL,Karnali province,Karnali province
YEM,countryside,"Abyan, Aden (town and countryside), Lahej, Ad Dali (Al Dhalih)"
VNM,Central Highlands,Central Highlands
GAB,Libreville-Port Gentil,Libreville-Port Gentil
IND,New Delhi,New Delhi
MNG,Umnugovi,"Central (Dornogovi, Dundgovi, Umnugovi, Selenge, Tuv, Darkhan-Uul, Govisumber)"
MAR,Centre south,Centre south
BFA,Nord,Nord
ERI,Debubawi Keih Bahri,Debubawi Keih Bahri
BGD,Gopalganj," Gopalganj, Madaripur, Munshiganj, Shariatpur"
TLS,Lautem,Lautem
CIV,Sassandra-Marahoue,Sassandra-Marahoue
LCA,St Lucia urban,St Lucia urban
TUN,Medinine,"Sud Est (Gabes, Medinine, Tataouine)"
TUR,Gumushane,"East Black Sea (Artvin, Giresun, Gumushane, Ordu, Rize, Trabzon)"
AFG,Herat,West (Ghor Herat Badghis Farah)
SOM,Nugal,Nugal
TCA,Caicos,Caicos
URY,Tacuarembo,Centro (Durazno and Tacuarembo)
PRY,Boqueron,"North-West (Boqueron, Alto Paraguay, Presidente Hayes, Conception, Amambay, San pedro, Cordillera)"
BRA,Distrito Federal,Distrito Federal
VEN,Region Oriental, Region Oriental
CHL,Sur VIII - XII, Sur VIII - XII
COM,Moheli,Moheli
SEN,Saint Louis,Saint Louis
CUB,Camaguey,Camaguey
URY,Trienta y Tres,"Norte (Artigas, Rivera, Cerro Largo and Trienta y Tres)"
AGO,Kuanza Norte, Kuanza Norte
IRN,Bakhtiyari,Chaharmahal and Bakhtiyari
GAB,Ogooue Ivindo,Ogooue Ivindo
GTM,South-Occidental,South-Occidental
COL,Amazonas,Amazonas
IRQ,Dohouk,Dohouk
SOM,Middle Juba,Middle Juba
GAB,Ngounie,Ngounie
PHL,National Capital,National Capital Region
AZE,Yukhari Karabakh,Yukhari Karabakh
SDN,South Kordofan,South Kordofan
EGY,Menoufia,Menoufia
IDN,DKI Jakarta,DKI Jakarta
CAF,Kemo,"RS I (Ombella Mpoko, Lobaye, Kemo, Nana Grebizi, Ouaka)"
MAR,Centre,Centre
IDN,South Sumatra,South Sumatra
BFA,Sud-Ouest,Sud-Ouest
SRB,West Serbia,Sumadija and West Serbia
TON,Ongo Niua,Ongo Niua
EGY,Gharbia,Gharbia
PRY,Itapua,"South-West (Caazapa, Itapua)"
TGO,Lome,Lome
MNG,Bayan-Ulgii,"Western (Bayan-Ulgii, Govi-Altai, Zavkhan, Uvs, Khovd)"
IND,Dadra,Dadra and Nagar Haveli
JAM,St James,"St James, Hanover, Westmoreland"
DOM,Dajabon,"Region VII (Dajabon, Monte Cristi, Santiago Rodriguez, Valverde)"
KAZ,Aktyubinskaya,"West region (Aktyubinskaya, Atyrauskaya, Mangistauskaya, West-Kazakhstanskaya)"
UGA,Acholi,"North (Karamoja, Lango, Acholi)"
LAO,Luangprabang,Luangprabang
IRN,Chaharmahal,Chaharmahal and Bakhtiyari
DZA,Boumerdes,"Nord Centre (Alger, Blida, Boumerdes, Tipaza, Bouira, Medea, Tizi-Ouzou, Bejaia, Chlef, Ain Defla)"
BIH,Northern Bosnia,Northern Bosnia
ERI,Gash-Barka,Gash-Barka
DOM,San Cristobal,"Region I (Peravia, San Cristobal, San Jose de Ocoa, Azua)"
UGA,Tooro,"Western (Bunyoro, Tooro)"
LBR,Maryland,Maryland
IDN,Southeast Sulawesi,Southeast Sulawesi
ETH,Harari,Harari
HND,Atlantida,Atlantida
MKD,Pelagoniski,Pelagoniski
DJI,Djibouti,Djibouti
CHL,OHiggins,OHiggins
LAO,Xiengkhuang,Xiengkhuang
MEX,de, CDMX-Edo Mexico Ciudad de Mexico (Estado de Mexico)
MYS,Terengganu," East (Kelantan, Terengganu, Pahang)"
BTN,Chukha,Chukha
CHL,Los,Los Lagos (incl Los Rios)
GHA,Brong Ahafo,Brong Ahafo
VEN,Region Guayana, Region Guayana
SEN,Thies,Thies
SSD,Western Equatoria,Western Equatoria
MEX,San Luis Potosi," Noreste (Aguascalientes, Coahuila, Guanajuato, Nuevo Leon, Queretaro, San Luis Potosi, Tamaulipas,"
PSE,Ramallah & Al-Bireh,Ramallah & Al-Bireh
LAO,Khammuane,Khammuane
SOM,Lower Juba,Lower Juba
ALB,Kukes, Kukes
BEN,Plateau,Queme (incl Plateau)
KWT,Al-Jahra,Al-Jahra
PER,Huanuco,"Central (Huancavelica, Huanuco, Junin, Pasco)"
IND,Kashmir,Jammu and Kashmir
TGO,Savanes,Savanes
