ISO Code,Location,Original Region
LAO,Savannakhet,Savannakhet
PRY,Canideyu,"North-East (Caaguazu, Alto Parana, Canideyu)"
SOM,Middle Juba,Middle Juba
MEX,Nuevo Leon,Nuevo Leon
GRC,Thessalia,Thessalia
GBR,East of England,East of England
MDG,Atsimo Atsinanana,Atsimo Atsinanana
PRT,Centro,Centro
BRA,Goias,Goias
COL,Bogota D.C.,Bogota D.C.
GAB,Haut Ogooue,Haut Ogooue
CPV,Fogo,Fogo
HND,Santa Barbara,Santa Barbara
GAB,Ngounie,Ngounie
NIC,Esteli,"Central-Norte (Boaco, Chontales, Jinotega, Matagalpa, Esteli, Madriz, Nueva Segovia)"
CIV,Ouest,Ouest
SYR,Al Hasaka,Al Hasaka
BEN,Plateau,Queme (incl Plateau)
SRB,West Serbia,Sumadija and West Serbia
KAZ,Karagandinskaya,Central region (Karagandinskaya)
ARG,Patagonia,Patagonia
COL,Caqueta,Caqueta
BIH,Northern Bosnia,Northern Bosnia
NOR,Hedmark og Oppland,Hedmark og Oppland
CAN,Labrador,Newfoundland and Labrador
KAZ,South-Kazakhstanskaya,"South region (Almatinskaya, Zhambylskaya, Kyzylordinskaya, South-Kazakhstanskaya)"
HUN,Del-Alfold,Del-Alfold
DOM,Samana,"Region III (Duarte, Maria Trinidad Sanchez, Salcedo, Samana)"
AUT,Niederosterreich,Niederosterreich
IRQ,Thi-Qar,Thi-Qar
PRT,Alentejo,Alentejo
PAK,ICT,Islamabad (ICT)
KHM,Mondol Kiri-Rotanak Kiri,Mondol Kiri-Rotanak Kiri
HND,Francisco Morazan,Francisco Morazan
CHL,former,Valparaiso (former Aconcagua)
LSO,Mohale s Hoek,Mohale s Hoek
LTU,Siauliai County,Siauliai County
HRV,Bjelovar-Bilogora,County of Bjelovar-Bilogora
CAF,Nana Grebizi,"RS I (Ombella Mpoko, Lobaye, Kemo, Nana Grebizi, Ouaka)"
THA,Northeast,Northeast
GMB,Janjabureh,Janjabureh
IDN,West Sumatra,West Sumatra
KHM,Siem Reab-Otdar Mean Chey,Siem Reab-Otdar Mean Chey
IDN,DI Yogyakarta,DI Yogyakarta
DOM,Elias Pina,"Region VI (San Juan, Elias Pina)"
NGA,Adamawa,Adamawa
SWE,Ovre Norrland,Ovre Norrland
IRL,Border,Border
TCD,Ennedi,"Zone 2 (Borkou, Ennedi, Tibesti, Kanem, Barh El Gazal, Lac)"
BTN,Chukha,Chukha
MAR,Centre north,Centre north
MOZ,Maputo Cidade,Maputo Cidade
COL,Sucre,Sucre
CZE,Jihovychod,Jihovychod
GRC,Attiki,Attiki
WSM,North West Upolu,North West Upolu
AZE,Yukhari Karabakh,Yukhari Karabakh
AZE,Ganja Gazakh,Ganja Gazakh
CZE,Stredni Morava,Stredni Morava
GTM,South-Occidental,South-Occidental
SVN,Obalno-kraska,Obalno-kraska
LTU,Utena County,Utena County
CUB,Camaguey,Camaguey
CRI,Limon,Limon
LVA,Pieriga,Pieriga region
IND,Nagar Haveli,Dadra and Nagar Haveli
BEL,Prov. Brabant Wallon,Prov. Brabant Wallon
KOR,Gyeongbuk,Gyeongbuk Region
TUR,Ispa,"Mediterranean (Adana, Antalya, Burdur, Hatay, Ispa"
COG,Sangha, Sangha
IRN,Chaharmahal,Chaharmahal and Bakhtiyari
CHE,Espace Mittelland,Espace Mittelland
HUN,Kozep-Magyarorszag,Kozep-Magyarorszag
FJI,Bua,"Cakaudrove, Bua"
PAK,Gilgit Baltistan,Gilgit Baltistan
HND,Cortes,Cortes
FRA,Lorraine,Lorraine
HND,Islas de la Bahia,Islas de la Bahia
NOR,Sor-Ostlandet,Sor-Ostlandet
VEN,Tachira,Tachira
CZE,Stredni Cechy,Stredni Cechy
DJI,Other Districts,Other Districts
COM,Moheli,Moheli
ETH,SNNP,SNNP
IDN,West Java,West Java
TUN,Medinine,"Sud Est (Gabes, Medinine, Tataouine)"
BGR,Yuzhen tsentralen,Yuzhen tsentralen
AGO,Bie, Bie
PHL,ARMM,ARMM
PAN,Ngobe Bugle,Ngobe Bugle
TCD,Assongha,"Zone 4 (Ouaddai, Assongha, Sila, Biltine - Wadi Fira)"
AZE,Shaki Zaqatala,Shaki Zaqatala
KIR,Phoenix Group,Line and Phoenix Group
GEO,Imereti Racha-Lochkhumi Kvemo Svaneti,Imereti Racha-Lochkhumi Kvemo Svaneti
AGO,Kuanza Norte, Kuanza Norte
CHL,Rios,Los Lagos (incl Los Rios)
LAO,Borikhamxay,Borikhamxay
STP,Regiao Centro,Regiao Centro
ROU,Sud-Vest Oltenia,Sud-Vest Oltenia
EGY,Dakahlia,Dakahlia
ESP,Illes Balears,Illes Balears
FRA,Poitou-Charentes,Poitou-Charentes
TLS,Liquica,Liquica
BEL,Prov. West-Vlaanderen,Prov. West-Vlaanderen
HRV,Brod-Posavina,County of Brod-Posavina
SWE,Ostra Mellansverige,Ostra Mellansverige
GRC,Kentriki Makedonia,Kentriki Makedonia
PER,San Martin,"North East (Amazonas, Loreto, San Martin, Ucayali)"
PHL,Ilocos,I-Ilocos
CUB,Guantanamo,Guantanamo
TUN,Gabes,"Sud Est (Gabes, Medinine, Tataouine)"
LTU,Alytus County,Alytus County
KWT,Al Asimah,"Al Asimah, Hawalli, Al-Farwaniyah, Mubarak al-Sabah"
IND,Chandigarth,Chandigarth
LBY,Cyrenaica,Cyrenaica
HUN,Eszak-Alfold,Eszak-Alfold
MDV,South Central,South Central
POL,Swietokrzyskie,Swietokrzyskie
CIV,Nord,Nord
CMR,Ouest,Ouest
JAM,St James,"St James, Hanover, Westmoreland"
BFA,Ouagadougou,Centre (incl Ouagadougou)
LAO,Xiengkhuang,Xiengkhuang
TCD,Ouest,Zone 6 (Mayo-Kebbi Est and Ouest)
YEM,Bayda,"Beida (Al Bayda), Dhamar, Raimah"
KAZ,Kyzylordinskaya,"South region (Almatinskaya, Zhambylskaya, Kyzylordinskaya, South-Kazakhstanskaya)"
COD,Orientale,Orientale
ROU,Vest,Vest
ECU,Coste,Coste
GNQ,Bioko,"Annobon, Bioko"
PRT,Regiao Autonoma dos Acores,Regiao Autonoma dos Acores
TGO,Savanes,Savanes
CAN,Quebec,Quebec
GTM,North-Occidental,North-Occidental
SLV,Central I,Central I
MOZ,Maputo Provincia,Maputo Provincia
BGD,Brahmanbaria," Brahmanbaria, Chandpur, Comilla"
EGY,New Valley,"Frontier governorates (Red Sea, New Valley, Matroh, North Sainai, South Sainai)"
MYS,Terengganu,Terengganu
KIR,Northern Gilbert,Northern Gilbert
PAN,Chiriqui,Chiriqui
CUB,S.Spiritus,S.Spiritus
EGY,South Sainai,"Frontier governorates (Red Sea, New Valley, Matroh, North Sainai, South Sainai)"
KWT,Al-Farwaniyah,"Al Asimah, Hawalli, Al-Farwaniyah, Mubarak al-Sabah"
SWE,Sydsverige,Sydsverige
BRA,Sao Paulo,Sao Paulo
KAZ,Atyrauskaya,"West region (Aktyubinskaya, Atyrauskaya, Mangistauskaya, West-Kazakhstanskaya)"
KWT,Al-Jahra,Al-Jahra
CAF,Mbornou,"RS V (Basse Kotto, Mbornou, Houte Mbormou)"
ESP,Castilla y Leon,Castilla y Leon
MMR,Taninthayi,Taninthayi
POL,Dolnoslaskie,Dolnoslaskie
VEN,Bolivar,Bolivar
EGY,Menoufia,Menoufia
LAO,Champasack,Champasack
SLV,Central II,Central II
IDN,East Java,East Java
EGY,Kalyubia,Kalyubia
RUS,The Central Federal District,The Central Federal District
BDI,Mairie de Bujumbura,"West (Bubanza, Buja Rural, Cibitoke, Mairie de Bujumbura)"
PHL,Zamboanga Peninsula,IX-Zamboanga Peninsula
DOM,Sanchez Ramirez,"Region VIII (La Vega, Monsenor Nouel, Sanchez Ramirez)"
IDN,East Timor,East Timor
NGA,Zamfora,Zamfora
VNM,Red River Delta,Red River Delta
KHM,Preah Vihear-Stueng Traeng-Kracheh,Preah Vihear-Stueng Traeng-Kracheh
MKD,Poloski,Poloski
CUB,Holguin,Holguin
GRC,Thraki,"Anatoliki Makedonia, Thraki"
FRA,Rhone-Alpes,Rhone-Alpes
PRY,Alto Parana,"North-East (Caaguazu, Alto Parana, Canideyu)"
BGR,Severozapaden,Severozapaden
HND,Valle,Valle
CAF,Kemo,"RS I (Ombella Mpoko, Lobaye, Kemo, Nana Grebizi, Ouaka)"
NOR,Nord-Norge,Nord-Norge
GBR,London,London
PER,Amazonas,"North East (Amazonas, Loreto, San Martin, Ucayali)"
IND,Orissa,Orissa
CHL,Bio Bio,Bio Bio
FRA,Aquitaine,Aquitaine
JOR,Aljoun,Aljoun
LBR,Maryland,Maryland
TCD,Barh El Gazal,"Zone 2 (Borkou, Ennedi, Tibesti, Kanem, Barh El Gazal, Lac)"
ZAF,Northern Province,Northern Province
EGY,Red Sea,"Frontier governorates (Red Sea, New Valley, Matroh, North Sainai, South Sainai)"
FRA,Guadeloupe,Guadeloupe
LAO,Vientiane Province,Vientiane Province
GMB,Brikama,Brikama
GRC,Voreio Aigaio,Voreio Aigaio
UGA,Bugishu,"Eastern (Bukedi, Bugishu, Teso)"
FIN,Aland,Aland
SVK,Vychodne Slovensko,Vychodne Slovensko
ROU,Nord-Est,Nord-Est
TUR,Kutahya,"Aegean (Afyon, Aydin, Denizli, Izmir, Kutahya, Man"
IDN,West Nusa Tenggara,West Nusa Tenggara
ZAF,KwaZulu Natal,KwaZulu Natal
COL,Choco,Choco
GMB,Mansakonko,Mansakonko
IDN,Central Kalimantan,Central Kalimantan
YEM,countryside,"Abyan, Aden (town and countryside), Lahej, Ad Dali (Al Dhalih)"
CHE,Zurich,Zurich
GTM,South-Oriental,South-Oriental
ESP,Ciudad Autonoma de Melilla,Ciudad Autonoma de Melilla
PAN,Cocle,Cocle
EST,Laane-Eesti,Laane-Eesti
EGY,North Sainai,"Frontier governorates (Red Sea, New Valley, Matroh, North Sainai, South Sainai)"
MDA,Chisinau,Chisinau
COD,Kasai Occidental,Kasai Occidental
KHM,Bat Dambang-Krong Pailin,Bat Dambang-Krong Pailin
ESP,Andalucia,Andalucia
PHL,IVA-CALABARZON,IVA-CALABARZON
HRV,Split-Dalmatia,County of Split-Dalmatia
MAR,Centre,Centre
UGA,Lango,"North (Karamoja, Lango, Acholi)"
ARG,NEA,NEA
CIV,Centre Nord,Centre Nord
SVK,Zapadne Slovensko,Zapadne Slovensko
UGA,Bunyoro,"Western (Bunyoro, Tooro)"
BRA,Maranhao,Maranhao
BIH,Republica Srpska,Republica Srpska
IRL,Mid-East,Mid-East
BGR,Yugozapaden,Yugozapaden
CHL,Magallanes,Magallanes and La Antartica Chilena
HRV,Varazdin,County of Varazdin
WSM,Savaii,Savaii
AGO,Kuanza Sul, Kuanza Sul
GRC,Ipeiros,Ipeiros
CZE,Praha,Praha
ETH,Affar,Affar
FRA,Reunion,Reunion
GAB,Libreville-Port Gentil,Libreville-Port Gentil
LCA,St Lucia rural,St Lucia rural
MDV,North Central,North Central
MNG,Khentii,"Eastern (Dornod, Sukhbaatar, Khentii)"
URY,Florida,"Centro Sur (Flores, Florida and Lavalleja)"
BRA,Amapa,Amapa
COL,Quindio,Quindio
MNE,Centre,Centre
ESP,Aragon,Aragon
HTI,Metropolitain,West (incl Metropolitain area)
PAK,AJK,AJK
PAK,NWFrontier,Khyber Pakhtunkhwa (NWFrontier)
GBR,East Midlands,East Midlands
KHM,Kampong Spueu,Kampong Spueu
NIC,Atlantico Norte (Raan,"Atlantico (Rio San Juan, Atlantico Norte (Raan), Atlantico Sur (Raas))"
PNG,Oro,"Northern, Oro"
ERI,uding,Maekel (Central including Asmara)
GNQ,Wele Nzas,Wele Nzas
EST,Louna-Eesti,Louna-Eesti
DZA,Boumerdes,"Nord Centre (Alger, Blida, Boumerdes, Tipaza, Bouira, Medea, Tizi-Ouzou, Bejaia, Chlef, Ain Defla)"
BOL,Potosi,Potosi
KAZ,Almaty city,Almaty city
IDN,DKI Jakarta,DKI Jakarta
FRA,Ile de France,Ile de France
FRA,Auvergne,Auvergne
SSD,Northern Bahr El Ghazal,Northern Bahr El Ghazal
MDA,Center,Center
DOM,San Jose de Ocoa,"Region I (Peravia, San Cristobal, San Jose de Ocoa, Azua)"
FRA,Midi-Pyrenees,Midi-Pyrenees
IRQ,Suleimaniya,Suleimaniya
PHL,Central Visayas,VII-Central Visayas
KIR,Southern Gilbert,Southern Gilbert
KWT,Ahmadi,Ahmadi
HND,El Paraiso,El Paraiso
UGA,Kigezi,"Southwest (Ankole, Kigezi)"
ALB,Shkoder, Shkoder
CMR,Nord,Nord
PAN,Embera Wounaan,Embera Wounaan
PRY,Caazapa,"South-West (Caazapa, Itapua)"
BEL,Prov. Limburg,Prov. Limburg
UGA,Acholi,"North (Karamoja, Lango, Acholi)"
BRB,St. Peter,"St. Lucy, St. Peter, St. Andrew, St. Joseph, and St. John"
SDN,North Kordofan,North Kordofan
PRY,Itapua,"South-West (Caazapa, Itapua)"
TCD,Biltine - Wadi Fira,"Zone 4 (Ouaddai, Assongha, Sila, Biltine - Wadi Fira)"
ALB,Durres, Durres
SYR,Al Swida - Sweida,Al Swida - Sweida
MNG,Arkhangai,"Khangai (Arkhangai, Bayankhongor, Bulgan, Uvurkhangai, Khuvsgul, Orkhon)"
SAU,Eastern province,Eastern province
CAF,Baminigui Bangoran,"RS IV (Haute-Kotto, Baminigui Bangoran, Vakaga)"
HTI,Grande-Anse,"Grande-Anse, Nippes"
MAR,Tensift,Tensift
CIV,Centre,Centre
VEN,Merida,Merida
JPN,Hyogo,"Kansai region (Shiga, Kyoto, Osaka, Hyogo, Nara, Wakayama)"
SYR,Rural Damascus,Rural Damascus
CMR,Sud,Sud
TON,Ongo Niua,Ongo Niua
KOR,Gyeongnam,Gyeongnam Region
IDN,Central Java,Central Java
IND,Uttaranchal,Uttaranchal
HND,Intibuca,Intibuca
TJK,Duchanbe,Duchanbe
TUR,Corum,"West Black Sea (Amasya, Cankiri, Corum, Kastamonu,"
UGA,Teso,"Eastern (Bukedi, Bugishu, Teso)"
KIR,Line,Line and Phoenix Group
PAN,Colon,Colon
WSM,Apia Urban Area,Apia Urban Area
MEX,Mexico,Mexico
MAR,Centre south,Centre south
ETH,Addis,Addis
NGA,Abuja FCT,Abuja FCT
POL,Slaskie,Slaskie
GNQ,Litoral,Litoral
SDN,Al Gedarif,Al Gedarif
SOM,Middle Shabelle,Middle Shabelle
ERI,Red,Debubawi Keyih Bahri (Southern Red Sea)
GNQ,Kie Ntem,Kie Ntem
IDN,DI Aceh,DI Aceh
SVN,Primorsko-notranjska,Primorsko-notranjska
MYS,Labuan Federal Territory,Labuan Federal Territory
VEN,Amacuros Delta Federal Territory,Amacuros Delta Federal Territory
LTU,Kaunas County,Kaunas County
PHL,Northern Mindanao,X-Northern Mindanao
AZE,Baku,Baku
MNG,Govi-Altai,"Western (Bayan-Ulgii, Govi-Altai, Zavkhan, Uvs, Khovd)"
KAZ,city,"North region (Akmolinskaya (incl Astana city), Kostnaiskaya, Pavlodarskaya, North-Kazakhstanskaya)"
RWA,City of Kigali,City of Kigali
AUT,Oberosterreich,Oberosterreich
BEL,Prov. Antwerpen,Prov. Antwerpen
KEN,Rift Valley,Rift Valley
CIV,Sud,"Sud, Abidjan"
URY,Metropolitan area,Montevideo and Metropolitan area
CUB,Ciego de Avila,Ciego de Avila
CUB,Prov. Habana,Prov. Habana
BRB,St. Joseph,"St. Lucy, St. Peter, St. Andrew, St. Joseph, and St. John"
TJK,DRS,DRS
ARG,Gran Buenos Aires,Gran Buenos Aires
CIV,Nord Ouest,Nord Ouest
IRN,EastAzarbayejan,EastAzarbayejan
KHM,Banteay Mean Chey,Banteay Mean Chey
PER,Apurimac,"East (Madre de Dios, Cusco, Puno, Apurimac)"
PRY,Neembucu,"South-East (Guaira, Misiones, Paraguari, Neembucu)"
PRY,Misiones,"South-East (Guaira, Misiones, Paraguari, Neembucu)"
COL,Vaupis,Vaupis
GIN,Labe,Labe
GIN,Boke,Boke
CAF,Ombella Mpoko,"RS I (Ombella Mpoko, Lobaye, Kemo, Nana Grebizi, Ouaka)"
PRT,Regiao Autonoma da Madeira,Regiao Autonoma da Madeira
SWE,Mellersta Norrland,Mellersta Norrland
JAM,St Ann,"St Ann, St Catherine"
TCD,Bahr Koh,"Zone 8 (Mandoul, Moyen-Chari, Bahr Koh, Lac Iro)"
ERI,Red,Semenawi Keyih Bahri (Northern Red Sea)
IDN,West Kalimantan,West Kalimantan
IDN,South Sumatra,South Sumatra
DNK,Sjaelland,Sjaelland
IRQ,Dohouk,Dohouk
BGD,Cox s Bazar," Bandarban, Cox s Bazar"
NOR,Vestlandet,Vestlandet
TUR,Gumushane,"East Black Sea (Artvin, Giresun, Gumushane, Ordu,"
SYR,Der El Zour - Deir Ezzor,Der El Zour - Deir Ezzor
VNM,South Central Coast,North Central Coast and South Central Coast
BFA,Sud-Ouest,Sud-Ouest
TJK,GBAO,GBAO
HND,Colon,Colon
PNG,Autonomous Region of Bougainville,Autonomous Region of Bougainville
CAF,Ouham Pende,"RS III (Ouham Pende, Ouham)"
SEN,Thies,Thies
GAB,Woleu Ntem,Woleu Ntem
IRN,Boyerahmad,Kohgiluyeh and Boyerahmad
IDN,islands,Riau (incl. Riau islands)
COL,Sur,Bolivar (Sur and Norte)
PER,Junin,"Central (Huancavelica, Huanuco, Junin, Pasco)"
CMR,Extreme Nord,Extreme Nord
SRB,Vojvodina,Vojvodina
BRB,St. John,"St. Lucy, St. Peter, St. Andrew, St. Joseph, and St. John"
KAZ,Astana,"North region (Akmolinskaya (incl Astana city), Kostnaiskaya, Pavlodarskaya, North-Kazakhstanskaya)"
TUN,Beja,"Nord Ouest (Beja, Jendouba, Kef, Siliana)"
BRA,Rondonia,Rondonia
MNG,Tuv,"Central (Dornogovi, Dundgovi, Umnugovi, Selenge, Tuv, Darkhan-Uul, Govisumber)"
SEN,Saint Louis,Saint Louis
PRY,Caaguazu,"North-East (Caaguazu, Alto Parana, Canideyu)"
CZE,Severovychod,Severovychod
SVK,Stredne Slovensko,Stredne Slovensko
AGO,Kuando Kubango, Kuando Kubango
KHM,Kampong Thum,Kampong Thum
PHL,Central Luzon,III-Central Luzon
SLV,Occidental,Occidental
GTM,North-Oriental,North-Oriental
FJI,Ra,Ra
HRV,City of Zagreb,City of Zagreb
LTU,Klaipeda County,Klaipeda County
KAZ,East-Kazakhstanskaya,East region (East-Kazakhstanskaya)
ECU,Sierra,Sierra
SWE,Norra Mellansverige,Norra Mellansverige
GRC,Kriti,Kriti
BEL,Bruxelles - Brussel,Bruxelles - Brussel
RUS,The Urals  Federal District,The Urals  Federal District
TUR,Kirkla,"West Marmara (Balikesir, Canakkale, Edirne, Kirkla"
GAB,Ogooue Ivindo,Ogooue Ivindo
TJK,formerly,Sughd (formerly Leninabad)
ESP,Cataluna,Cataluna
CIV,Centre Ouest,Centre Ouest
PHL,Eastern Visayas,VIII-Eastern Visayas
MYS,Kuala Lumpur Federal Territory,Kuala Lumpur Federal Territory
GEO,Samegrelo-Zemo Svateni,Samegrelo-Zemo Svateni
SDN,South Kordofan,South Kordofan
SYR,Al Raka-Raqqa,Al Raka-Raqqa
BGD,Gopalganj," Gopalganj, Madaripur, Munshiganj, Shariatpur"
DOM,Dajabon,"Region VII (Dajabon, Monte Cristi, Santiago Rodriguez, Valverde)"
TCD,Hadjer Lamis,"Zone 5 (Chari-Baguimi, Dababa, Baguirmi, Hadjer Lamis)"
SRB,Sumadija,Sumadija and West Serbia
CHN,Tibet,Tibet
CZE,Jihozapad,Jihozapad
DOM,Maria Trinidad Sanchez,"Region III (Duarte, Maria Trinidad Sanchez, Salcedo, Samana)"
CRI,San Jose,San Jose
JAM,St Andrew,"Kingston, St Andrew"
LTU,Telsiai County,Telsiai County
CAF,Sangha Mbaere,"RS II (Mambera Kadei, Nana Mambere, Sangha Mbaere)"
MNG,Darkhan-Uul,"Central (Dornogovi, Dundgovi, Umnugovi, Selenge, Tuv, Darkhan-Uul, Govisumber)"
MNG,Sukhbaatar,"Eastern (Dornod, Sukhbaatar, Khentii)"
AZE,Guba Khachmaz,Guba Khachmaz
VEN,Federal District,Federal District
CUB,Pinar del Rio,Pinar del Rio
VEN,Amazonas Federal Territory,Amazonas Federal Territory
TUR,Aegean (Afyon,"Aegean (Afyon, Aydin, Denizli, Izmir, Kutahya, Man"
ZWE,Matebeleland North,Matebeleland North
IND,Dadra,Dadra and Nagar Haveli
SSD,Western Equatoria,Western Equatoria
HTI,Centre,Centre
ITA,Provincia Autonoma di Trento,Provincia Autonoma di Trento
KAZ,Mangistauskaya,"West region (Aktyubinskaya, Atyrauskaya, Mangistauskaya, West-Kazakhstanskaya)"
BRA,Ceara,Ceara
IDN,South Kalimantan,South Kalimantan
ALB,Lezhe, Lezhe
COL,Amazonas,Amazonas
KOR,Capital,Capital Region
BRB,St Michael,St Michael
PRT,Norte,Norte
TGO,Centrale,Centrale
BRB,St. Lucy,"St. Lucy, St. Peter, St. Andrew, St. Joseph, and St. John"
IRQ,Muthanna,Muthanna
AFG,Helmand,South (Uruzgan Helmand Zabul Nimroz Kandahar)
LAO,Luangprabang,Luangprabang
GTM,Peten,Peten
GRC,Sterea Ellada,Sterea Ellada
MRT,Adrar,Adrar
BFA,Nord,Nord
ROU,Centru,Centru
IRN,Sistanand Baluchestan,Sistanand Baluchestan
BRA,Piaui,Piaui
COL,Cordoba,Cordoba
IND,Punjab,Punjab
SOM,Togdhere,Togdhere
NIC,Rio San Juan,"Atlantico (Rio San Juan, Atlantico Norte (Raan), Atlantico Sur (Raas))"
SVN,Goriska,Goriska
FIN,Pohjois-ja Ita-Suomi,Pohjois-ja Ita-Suomi
TUR,Eskiseh,"East Marmara (Bilecik, Bolu, Bursa, Duzce, Eskiseh"
UGA,Tooro,"Western (Bunyoro, Tooro)"
VNM,Central Highlands,Central Highlands
KEN,Nyanza,Nyanza
YEM,Omran,"Hajja, Sada, Amran (Omran)"
IRN,Bakhtiyari,Chaharmahal and Bakhtiyari
FIN,Etela-Suomi,Etela-Suomi
BIH,Western Bosnia,Western Bosnia
KEN,Coast,Coast
MNG,Umnugovi,"Central (Dornogovi, Dundgovi, Umnugovi, Selenge, Tuv, Darkhan-Uul, Govisumber)"
FRA,Basse-Normandie,Basse-Normandie
YEM,town,"Abyan, Aden (town and countryside), Lahej, Ad Dali (Al Dhalih)"
CMR,Nord Ouest,Nord Ouest
LTU,Marijampole County,Marijampole County
BRA,Paraiba,Paraiba
CIV,Sud Ouest,Sud Ouest
CHL,La Antartica Chilena,Magallanes and La Antartica Chilena
EGY,Menya,Menya
HUN,Kozep-Dunantul,Kozep-Dunantul
LSO,Qasha s Nek,Qasha s Nek
KOR,Chungcheong,Chungcheong Region
ESP,Pais Vasco,Pais Vasco
PRT,Area Metropolitana de Lisboa,Area Metropolitana de Lisboa
ECU,Oriente,Oriente
ARG,Pampeana,Pampeana
BEL,Prov. Vlaams-Brabant,Prov. Vlaams-Brabant
YEM,Amana,"Sana a (capital; Al Amana), Sana a (governorate)"
BGR,Yugoiztochen,Yugoiztochen
AFG,Herat,West (Ghor Herat Badghis Farah)
CHE,Eastern Switzerland,Eastern Switzerland
FRA,Franche-Comte,Franche-Comte
MEX,San Luis Potosi,San Luis Potosi
MNG,Bayan-Ulgii,"Western (Bayan-Ulgii, Govi-Altai, Zavkhan, Uvs, Khovd)"
SWE,Smaland med oarna,Smaland med oarna
TUR,West Marmara (Balikesir,"West Marmara (Balikesir, Canakkale, Edirne, Kirkla"
TZA,Mwanza," Mwanza, Geita"
GBR,West Midlands,West Midlands
GRC,Ionia Nisia,Ionia Nisia
IDN,Sulawesi,South Sulawesi (incl Sulawesi Barat)
MDV,Male,Male
TUR,Duzce,"East Marmara (Bilecik, Bolu, Bursa, Duzce, Eskiseh"
TUR,Man,"Aegean (Afyon, Aydin, Denizli, Izmir, Kutahya, Man"
MNG,Govisumber,"Central (Dornogovi, Dundgovi, Umnugovi, Selenge, Tuv, Darkhan-Uul, Govisumber)"
URY,Tacuarembo,Centro (Durazno and Tacuarembo)
BFA,Est,Est
IRQ,Diala,Diala
DOM,San Juan,"Region VI (San Juan, Elias Pina)"
NZL,Tasman - Nelson,Tasman - Nelson
COL,Narino,Narino
TZA,Dar Es Salam, Dar Es Salam
ESP,Region de Murcia,Region de Murcia
GMB,Basse,Basse
PRY,Boqueron,"North-West (Boqueron, Alto Paraguay, Presidente Hayes, Conception, Amambay, San pedro, Cordillera)"
FRA,French Guyana,French Guyana
MKD,Vardarski,Vardarski
PSE,Deir El-Balah,"Deir El-Balah, Khan Yunis, Rafah"
SYR,Al Qunitara - Quneitra,Al Qunitara - Quneitra
GNQ,Annobon,"Annobon, Bioko"
CPV,Santiago- Praia,Santiago- Praia
NGA,Edo,Edo
PHL,IVB-MIMAROPA,IVB-MIMAROPA
GIN,N Zerekore,N Zerekore
URY,San Jose,"Litoral Sur (Soriano, Colonia and San Jose)"
LTU,Taurage County,Taurage County
PER,Huanuco,"Central (Huancavelica, Huanuco, Junin, Pasco)"
CHL,Region Metropolitana,Region Metropolitana
IDN,Barat,South Sulawesi (incl Sulawesi Barat)
IND,Kashmir,Jammu and Kashmir
TUV,Nanumaga,"Nanumea, Nanumaga, Niutao"
AZE,Dakhlik Shirvan,Dakhlik Shirvan
KAZ,Almatinskaya,"South region (Almatinskaya, Zhambylskaya, Kyzylordinskaya, South-Kazakhstanskaya)"
PHL,Cordillera Admin,Cordillera Admin Region
SDN,Al Gezira,Al Gezira
TGO,Lome,Lome
PAN,Panama,Panama
COD,Bas-Congo,Bas-Congo
RUS,The North-Caucasian Federal District,The North-Caucasian Federal District
SOM,Lower Juba,Lower Juba
COM,Ngazidja,Grande Comore (Ngazidja)
AFG,Sar-e-Pul,North (Samangan Sar-e-Pul Balkh Jawzjan Faryab)
IRN,WestAzarbayejan,WestAzarbayejan
MUS,Rodrigues,Rodrigues
BEL,Prov. Oost-Vlaanderen,Prov. Oost-Vlaanderen
BTN,Wangdi,Wangdi
MDG,Anamoroni Mania,Anamoroni Mania
PSE,Ramallah,"Salfit, Ramallah, Al-Bireh, Jericho, Al Aghwar"
NPL,Karnali Province,Karnali Province
SVK,Bratislavsky kraj,Bratislavsky kraj
KOR,Jeolla,Jeolla Region
BRB,St. James,"St. James, St. George, and St. Thomas"
ROU,Sud-Est,Sud-Est
HRV,Koprivnica-Krizevc,County of Koprivnica-Krizevc
CUB,Isla,Isla
KEN,North Eastern,North Eastern
PHL,Western Visayas,VI-Western Visayas
MEX,Yucatan,Yucatan
BDI,Buja Rural,"West (Bubanza, Buja Rural, Cibitoke, Mairie de Bujumbura)"
WSM,Rest of Upolu,Rest of Upolu
CZE,Severozapad,Severozapad
HND,Atlantida,Atlantida
KHM,Kandal,Kandal
CUB,C. Habana,C. Habana
TUN,Kasserine,"Centre Ouest (Kairouan, Kasserine, Sidi Bouzid)"
CIV,Nord Est,Nord Est
BGR,Severen tsentralen,Severen tsentralen
GRC,Notio Aigaio,Notio Aigaio
IDN,North Sumatra,North Sumatra
PRY,Paraguari,"South-East (Guaira, Misiones, Paraguari, Neembucu)"
KAZ,West-Kazakhstanskaya,"West region (Aktyubinskaya, Atyrauskaya, Mangistauskaya, West-Kazakhstanskaya)"
LCA,St Lucia urban,St Lucia urban
RUS,The South Federal District,The South Federal District
TUR,Nig,"Central Anatolia (Kayseri, Kirsehir, Nevsehir, Nig"
MKD,Skopski,Skopski
KAZ,Zhambylskaya,"South region (Almatinskaya, Zhambylskaya, Kyzylordinskaya, South-Kazakhstanskaya)"
LBY,Tripolitania,Tripolitania
POL,Lodzkie,Lodzkie
MRT,Tiris-Zemmour,Tiris-Zemmour
DOM,San Pedro de Macoris,"Region V (El Seibo, La Altagracia, La Romana, San Pedro de Macoris, Hato Mayor)"
POL,Malopolskie,Malopolskie
AFG,Daikundi,Central Highlands (Bamyan Daikundi)
LTU,Vilnius County,Vilnius County
CHL,Los,Los Lagos (incl Los Rios)
JOR,Tafiela,Tafiela
NIC,Leon,"Pacifico (Chinandega, Leon, Managua, Masaya, Granada, Carazo, Rivas)"
CHL,Aisen,Aisen
FRA,Champagne-Ardenne,Champagne-Ardenne
FIN,Helsinki-Uusimaa,Helsinki-Uusimaa
TUR,Mediterranean (Adana,"Mediterranean (Adana, Antalya, Burdur, Hatay, Ispa"
UGA,Busoga,East Central (Busoga)
LAO,Sayabury,Sayabury
MNG,Khuvsgul,"Khangai (Arkhangai, Bayankhongor, Bulgan, Uvurkhangai, Khuvsgul, Orkhon)"
SSD,Warrap,Warrap
COL,Boyaca,Boyaca
SOM,Hiran,Hiran
SVN,Koroska,Koroska
NPL,Sudoorpaschim Province,Sudoorpaschim Province
YEM,Hudaydah,"Hodeida (Al Hudaydah), Mahweit (Al Mahwit)"
GRC,Anatoliki Makedonia,"Anatoliki Makedonia, Thraki"
CHN,Ningxia,Ningxia
BWA,Ngamiland,"North-West, Ngamiland"
ERI,Asmara,Maekel (Central including Asmara)
URY,Trienta y Tres,"Norte (Artigas, Rivera, Cerro Largo and Trienta y Tres)"
UGA,Ankole,"Southwest (Ankole, Kigezi)"
BRA,Distrito Federal,Distrito Federal
HRV,Sibenik-Knin,County of Sibenik-Knin
ALB,Diber, Diber
COD,Katanga,Katanga
HRV,Pozega-Slavonia,County of Pozega-Slavonia
IDN,Southeast Sulawesi,Southeast Sulawesi
GAB,Ogooue Lolo,Ogooue Lolo
BIH,Western herzegovina,Western herzegovina
TUR,Hak,"Central East Anatolia (Bingol, Bitlis, Elazig, Hak"
SLV,Oriental,Oriental
CAF,Mambera Kadei,"RS II (Mambera Kadei, Nana Mambere, Sangha Mbaere)"
FRA,Limousin,Limousin
POL,Warminsko-Mazurskie,Warminsko-Mazurskie
TUR,North East Anatolia (Agri,"North East Anatolia (Agri, Erzincan, Erzurum, Kars"
PRT,Algarve,Algarve
MEX,Michoacan de Ocampo,Michoacan de Ocampo
CIV,Centre Est,Centre Est
FRA,Alsace,Alsace
FRA,Haute-Normandie,Haute-Normandie
TUR,Central Anatolia (Kayseri,"Central Anatolia (Kayseri, Kirsehir, Nevsehir, Nig"
CHE,Northwestern Switzerland,Northwestern Switzerland
LBN,Nabtieh,"Southern, Nabtieh"
GTM,Metropolitan,Metropolitan
LAO,Khammuane,Khammuane
RUS,The North West Federal District,The North West Federal District
PHL,National Capital,National Capital Region
TUR,Central East Anatolia (Bingol,"Central East Anatolia (Bingol, Bitlis, Elazig, Hak"
URY,Rio Negro,"Litoral Norte (Paysandu, Salto and Rio Negro)"
PSE,Al-Bireh,"Salfit, Ramallah, Al-Bireh, Jericho, Al Aghwar"
GRC,Dytiki Ellada,Dytiki Ellada
AUT,Karnten,Karnten
ZWE,Matebeleland South,Matebeleland South
CPV,S.Antao,S.Antao
USA,Montana,Montana
FRA,Mayotte,Mayotte
GBR,The Humber,Yorkshire and The Humber
IND,Jammu,Jammu and Kashmir
CPV,S.Vicente,S.Vicente
IRQ,Anbar,Anbar
COL,Medellin,Antioquia (incl Medellin)
VEN,Guarico,Guarico
LBY,Fezzan,Fezzan
TKM,Ashgabat City,Ashgabat City
PAN,Darien,Darien
EST,Pohja-Eesti,Pohja-Eesti
SOM,Lower Shabelle,Lower Shabelle
FJI,Nadroga or Navosa,Nadroga or Navosa
ALB,Korce, Korce
TUN,Sidi Bouzid,"Centre Ouest (Kairouan, Kasserine, Sidi Bouzid)"
CMR,Sud Ouest,Sud Ouest
JAM,St Mary,"St Thomas, Portland, St Mary"
FRA,Languedoc-Roussillon,Languedoc-Roussillon
IDN,East Kalimantan,East Kalimantan
BRB,St. Philip,Christ Church and St. Philip
YEM,capital;,"Sana a (capital; Al Amana), Sana a (governorate)"
EST,Kirde-Eesti,Kirde-Eesti
MNG,Uvurkhangai,"Khangai (Arkhangai, Bayankhongor, Bulgan, Uvurkhangai, Khuvsgul, Orkhon)"
VEN,Falcon,Falcon
IND,Andaman,Andaman and Nicobar Islands
BLZ,Corozal,"Corozal, Orange Walk"
FIN,Lansi-Suomi,Lansi-Suomi
KAZ,(incl,"North region (Akmolinskaya (incl Astana city), Kostnaiskaya, Pavlodarskaya, North-Kazakhstanskaya)"
KIR,Souyth Tarawa,Souyth Tarawa
IND,New Delhi,New Delhi
STP,Regiao do Principe,Regiao do Principe
ALB,Vlore, Vlore
HUN,Nyugat-Dunantul,Nyugat-Dunantul
STP,Regiao Sul,Regiao Sul
TCD,Logone Occidental & Oriental,"Zone 7 (Logone Occidental & Oriental, Monts de Lam, Tandjile Est & Ouest)"
EGY,Matroh,"Frontier governorates (Red Sea, New Valley, Matroh, North Sainai, South Sainai)"
COM,Ndzouani,Anjouan (Ndzouani)
CAF,Houte Mbormou,"RS V (Basse Kotto, Mbornou, Houte Mbormou)"
HTI,area,West (incl Metropolitain area)
IRN,Khorasan-e-Razavi,Khorasan-e-Razavi
TGO,Plateaux,Plateaux
TUR,Canakkale,"West Marmara (Balikesir, Canakkale, Edirne, Kirkla"
FRA,Centre,Centre
BTN,Lhuntse,Lhuntse
SYR,Al Latakia,Al Latakia
SYR,Hamaa,Hamaa
GRC,Peloponnisos,Peloponnisos
ALB,Gjirokaster, Gjirokaster
LTU,Panevezys County,Panevezys County
KGZ,Chuy,Chuy
MWI,Nkhota Kota,"Other central (Nkhota Kota, Mchinji, Dowa, Ntchisi, Dedza, Ntcheu)"
BFA,Boucle de Mouhoun,Boucle de Mouhoun
SAU,Riadh,"Center (Riadh, Qassim)"
GBR,Yorkshire,Yorkshire and The Humber
KIR,Central Gibert,Central Gibert
CHE,Lake Geneva,Lake Geneva region
NOR,Agder og Rogaland,Agder og Rogaland
EGY,Gharbia,Gharbia
BFA,Plateau Central,Plateau Central
SYR,Halab - Aleppo,Halab - Aleppo
JAM,St Catherine,"St Ann, St Catherine"
NOR,Oslo og Akershus,Oslo og Akershus
UGA,Bukedi,"Eastern (Bukedi, Bugishu, Teso)"
RUS,The Siberian  Federal District,The Siberian  Federal District
SOM,W Galbeed,W Galbeed
GAB,Ogooue Maritime,Ogooue Maritime
PRY,Guaira,"South-East (Guaira, Misiones, Paraguari, Neembucu)"
BOL,La Paz,La Paz
KAZ,Aktyubinskaya,"West region (Aktyubinskaya, Atyrauskaya, Mangistauskaya, West-Kazakhstanskaya)"
IDN,Central Sulawesi,Central Sulawesi
UGA,West Nile,West Nile
IDN,North Sulawesi,North Sulawesi
PHL,SOCCSKSARGEN,XII-SOCCSKSARGEN
ITA,Provincia Autonoma di Bolzano,Provincia Autonoma di Bolzano
ARG,Cuyo,Cuyo
DZA,Saida,"Hauts Plateaux Ouest (Tiaret, Saida, Tissemsilt, Naama, El Bayadh)"
KHM,Kampot-Krong Kaeb-Krong Preah Sihanouk,Kampot-Krong Kaeb-Krong Preah Sihanouk
TCD,Tandjile Est & Ouest,"Zone 7 (Logone Occidental & Oriental, Monts de Lam, Tandjile Est & Ouest)"
TCD,Chari-Baguimi,"Zone 5 (Chari-Baguimi, Dababa, Baguirmi, Hadjer Lamis)"
CMR,Douala,Littoral (incl Douala)
KHM,Pousat,Pousat
IRQ,Ta-amem-Karkuk,Ta-amem-Karkuk
KHM,Tboung,Kampong Cham (incl Tboung Khmum)
CHL,OHiggins,OHiggins
KHM,Khmum,Kampong Cham (incl Tboung Khmum)
HUN,Eszak-Magyarorszag,Eszak-Magyarorszag
IRL,Mid-West,Mid-West
BGR,Severoiztochen,Severoiztochen
BRA,Espirito Santo,Espirito Santo
COG,Lekoumou, Lekoumou
FRA,Bourgogne,Bourgogne
VNM,Mekong River Delta,Mekong River Delta
SOM,Nugal,Nugal
KAZ,Akmolinskaya,"North region (Akmolinskaya (incl Astana city), Kostnaiskaya, Pavlodarskaya, North-Kazakhstanskaya)"
TUR,East Black Sea (Artvin,"East Black Sea (Artvin, Giresun, Gumushane, Ordu,"
TUR,South East Anatolia (Adiyaman,"South East Anatolia (Adiyaman, Diyarbakir, Gaziant"
ROU,Nord-Vest,Nord-Vest
URY,Paysandu,"Litoral Norte (Paysandu, Salto and Rio Negro)"
BRB,St. Thomas,"St. James, St. George, and St. Thomas"
PRY,Asuncion,"Central (Asuncion, Central)"
EGY,Souhag,Souhag
PRY,Conception,"North-West (Boqueron, Alto Paraguay, Presidente Hayes, Conception, Amambay, San pedro, Cordillera)"
EGY,Sharkia,Sharkia
KWT,Mubarak al-Sabah,"Al Asimah, Hawalli, Al-Farwaniyah, Mubarak al-Sabah"
CAF,Nana Mambere,"RS II (Mambera Kadei, Nana Mambere, Sangha Mbaere)"
BEL,Prov. Luxembourg,Prov. Luxembourg
DJI,Djibouti,Djibouti
ERI,Sea,Debubawi Keyih Bahri (Southern Red Sea)
IDN,East Nusa Tenggara,East Nusa Tenggara
GMB,Kerewan,Kerewan
COD,Equateur,Equateur
BRB,St. George,"St. James, St. George, and St. Thomas"
CHN,Inner Mongolia,Inner Mongolia
PSE,Qalqiliya,"Jenin, Tubas, Tulkarm, Nablus, Qalqiliya"
IRQ,Nenava,Nenava
EGY,Fayoum,Fayoum
RUS,Volga,The Privolzhsky (Volga) Federal District
BGD,Jaypurhat," Bogra, Gaibandha, Jaypurhat"
ETH,Harari,Harari
CHE,Central Switzerland,Central Switzerland
CHL,Arbucania,Arbucania
COG,Cuvette Ouest, Cuvette Ouest
MRT,Hodh Gharbi,Hodh Gharbi
DOM,Monsenor Nouel,"Region VIII (La Vega, Monsenor Nouel, Sanchez Ramirez)"
PHL,Cagayan Valley,II-Cagayan Valley
SRB,East Serbia,South and East Serbia
FRA,Picardie,Picardie
JAM,St Elizabeth,"Trelawny, St Elizabeth"
VNM,North Central Coast,North Central Coast and South Central Coast
PSE,Al Aghwar,"Salfit, Ramallah, Al-Bireh, Jericho, Al Aghwar"
COD,Kasai Oriental,Kasai Oriental
MDG,Atsimo Andrefana,Atsimo Andrefana
ARG,NOA,NOA
COL,Norte,Bolivar (Sur and Norte)
KOR,Gangwon,Gangwon Region
HUN,Del-Dunantul,Del-Dunantul
MDG,Alaotra Mangoro,Alaotra Mangoro
GHA,Brong Ahafo,Brong Ahafo
MRT,Trarza incl Nouakchott,Trarza incl Nouakchott
ERI,Sea,Semenawi Keyih Bahri (Northern Red Sea)
HND,Copan,Copan
SWE,Vastsverige,Vastsverige
BFA,Hauts Bassins,Hauts Bassins
FRA,Martinique,Martinique
AGO,Huila, Huila
BRB,St. Andrew,"St. Lucy, St. Peter, St. Andrew, St. Joseph, and St. John"
CHN,Xinjiang,Xinjiang
NOR,Trondelag,Trondelag
FRA,Provence-Alpes-Cote dAzur,Provence-Alpes-Cote dAzur
HRV,Istria,County of Istria
TUR,East Marmara (Bilecik,"East Marmara (Bilecik, Bolu, Bursa, Duzce, Eskiseh"
TUR,Cankiri,"West Black Sea (Amasya, Cankiri, Corum, Kastamonu,"
DEU,Baden-Wurttemberg,Baden-Wurttemberg
IRQ,Qadisiya,Qadisiya
STP,Regiao Norte,Regiao Norte
SYR,Edlab Idleb,Edlab Idleb
IRQ,Salaheldeen,Salaheldeen
CZE,Moravskoslezsko,Moravskoslezsko
ALB,Kukes, Kukes
TUR,Gaziant,"South East Anatolia (Adiyaman, Diyarbakir, Gaziant"
MKD,Pelagoniski,Pelagoniski
DEU,Thuringen,Thuringen
PHL,Bicol,V-Bicol
SOM,Banadir,Banadir
VEN,Anzoategui,Anzoategui
UGA,Karamoja,"North (Karamoja, Lango, Acholi)"
RUS,The Far East  Federal District,The Far East  Federal District
CAF,Basse Kotto,"RS V (Basse Kotto, Mbornou, Houte Mbormou)"
EGY,Kafr El-Sheikh,Kafr El-Sheikh
EST,Kesk-Eesti,Kesk-Eesti
BEL,Prov. Liege,Prov. Liege
DOM,San Cristobal,"Region I (Peravia, San Cristobal, San Jose de Ocoa, Azua)"
ESP,Ciudad Autonoma de Ceuta,Ciudad Autonoma de Ceuta
MUS,Riviere du Rempart,"North (Port Louis, Pamplemousses, Riviere du Rempart, Flacq, Moka)"
GAB,Moyen Ogooue,Moyen Ogooue
LAO,Vientiane Municipality,Vientiane Municipality
MEX,Queretaro,Queretaro
CPV,Santiago-Interior,Santiago-Interior
SDN,Nahr El Nil,Nahr El Nil
GMB,Kuntaur,Kuntaur
JAM,St Thomas,"St Thomas, Portland, St Mary"
BEL,Prov. Namur,Prov. Namur
GRC,Dytiki Makedonia,Dytiki Makedonia
IRL,Midland,Midland
SSD,Western Bahr El Ghazal,Western Bahr El Ghazal
COL,Guainja,Guainja
TUR,West Black Sea (Amasya,"West Black Sea (Amasya, Cankiri, Corum, Kastamonu,"
BEL,Prov. Hainaut,Prov. Hainaut
ROU,Sud,Sud
TLS,Lautem,Lautem
ETH,Ben-Gumz,Ben-Gumz
